[{"model": "service_development.voicelabel", "pk": 1, "fields": {"name": "Dutch language", "description": "Nederlandse taal"}}, {"model": "service_development.voicelabel", "pk": 2, "fields": {"name": "General error message", "description": ""}}, {"model": "service_development.voicelabel", "pk": 3, "fields": {"name": "This is the truth", "description": ""}}, {"model": "service_development.voicelabel", "pk": 4, "fields": {"name": "English language", "description": ""}}, {"model": "service_development.voicelabel", "pk": 5, "fields": {"name": "Thank you for using this service", "description": ""}}, {"model": "service_development.voicelabel", "pk": 6, "fields": {"name": "Wow, it must be a really boring guy!", "description": ""}}, {"model": "service_development.voicelabel", "pk": 7, "fields": {"name": "French language", "description": ""}}, {"model": "service_development.voicelabel", "pk": 8, "fields": {"name": "Please select your language", "description": ""}}, {"model": "service_development.voicelabel", "pk": 9, "fields": {"name": "Pre Choice Option", "description": ""}}, {"model": "service_development.voicelabel", "pk": 10, "fields": {"name": "Post Choice Option", "description": ""}}, {"model": "service_development.voicelabel", "pk": 11, "fields": {"name": "One", "description": ""}}, {"model": "service_development.voicelabel", "pk": 12, "fields": {"name": "Two", "description": ""}}, {"model": "service_development.voicelabel", "pk": 13, "fields": {"name": "Three", "description": ""}}, {"model": "service_development.voicelabel", "pk": 14, "fields": {"name": "Four", "description": ""}}, {"model": "service_development.voicelabel", "pk": 15, "fields": {"name": "Five", "description": ""}}, {"model": "service_development.voicelabel", "pk": 16, "fields": {"name": "Six", "description": ""}}, {"model": "service_development.voicelabel", "pk": 17, "fields": {"name": "Seven", "description": ""}}, {"model": "service_development.voicelabel", "pk": 18, "fields": {"name": "Eight", "description": ""}}, {"model": "service_development.voicelabel", "pk": 19, "fields": {"name": "Nine", "description": ""}}, {"model": "service_development.voicelabel", "pk": 20, "fields": {"name": "Zero", "description": ""}}, {"model": "service_development.voicelabel", "pk": 21, "fields": {"name": "Yes", "description": ""}}, {"model": "service_development.voicelabel", "pk": 22, "fields": {"name": "No", "description": ""}}, {"model": "service_development.voicelabel", "pk": 23, "fields": {"name": "Does the king like to drink beer?", "description": ""}}, {"model": "service_development.voicelabel", "pk": 24, "fields": {"name": "Task1FinalConfirm", "description": "confirmed message"}}, {"model": "service_development.voicelabel", "pk": 25, "fields": {"name": "Task1FinalDelete", "description": "delete message"}}, {"model": "service_development.voicelabel", "pk": 26, "fields": {"name": "Task1AskConfirm", "description": "ask to confirm message"}}, {"model": "service_development.voicelabel", "pk": 27, "fields": {"name": "Task1RecordMessage", "description": "Ask to record message"}}, {"model": "service_development.voicelabel", "pk": 28, "fields": {"name": "Task1RecordName", "description": "ask to record name"}}, {"model": "service_development.voicelabel", "pk": 29, "fields": {"name": "Task1AlertSub", "description": "ask for subs in alert"}}, {"model": "service_development.voicelabel", "pk": 30, "fields": {"name": "Task1EntertainSub", "description": "ask for subs entertain"}}, {"model": "service_development.voicelabel", "pk": 31, "fields": {"name": "Task1AnnouncementSub", "description": "Ask for subs announcement"}}, {"model": "service_development.voicelabel", "pk": 32, "fields": {"name": "Task1PromotionalSub", "description": "Ask for subs promotionals"}}, {"model": "service_development.voicelabel", "pk": 33, "fields": {"name": "Task1OtherSub", "description": "prompt an other category"}}, {"model": "service_development.voicelabel", "pk": 34, "fields": {"name": "Task1Welcome", "description": "welcome and promt main cat"}}, {"model": "service_development.voicelabel", "pk": 35, "fields": {"name": "Task2NoMessages", "description": "no messages left prompting"}}, {"model": "service_development.voicelabel", "pk": 36, "fields": {"name": "Task2broadcastmark", "description": "marked for broadcast"}}, {"model": "service_development.voicelabel", "pk": 37, "fields": {"name": "task2deletemark", "description": "mark for delete"}}, {"model": "service_development.voicelabel", "pk": 38, "fields": {"name": "Task2nomark", "description": "no mark on message"}}, {"model": "service_development.voicelabel", "pk": 39, "fields": {"name": "Task2testmessage", "description": "test message for edit"}}, {"model": "service_development.voicelabel", "pk": 40, "fields": {"name": "Task2alertoverview", "description": "overview of alerts"}}, {"model": "service_development.voicelabel", "pk": 41, "fields": {"name": "Task2editoverview", "description": "shows edit options"}}, {"model": "service_development.voicelabel", "pk": 42, "fields": {"name": "Task2broadcast", "description": "broadcast messages"}}, {"model": "service_development.voicelabel", "pk": 43, "fields": {"name": "Task2Mainmenu", "description": "main"}}, {"model": "service_development.voicelabel", "pk": 44, "fields": {"name": "Task2exit", "description": "exiting app"}}, {"model": "service_development.voicelabel", "pk": 45, "fields": {"name": "testvoiceopen", "description": "open test voice"}}, {"model": "service_development.voicelabel", "pk": 46, "fields": {"name": "testvoiceone", "description": "test voice one"}}, {"model": "service_development.voicelabel", "pk": 47, "fields": {"name": "testvoicetwo", "description": "test voice two"}}, {"model": "service_development.language", "pk": 1, "fields": {"name": "Nederlands", "code": "nl", "voice_label": 1, "error_message": 2, "select_language": 8, "pre_choice_option": 9, "post_choice_option": 10, "one": 11, "two": 12, "three": 13, "four": 14, "five": 15, "six": 16, "seven": 17, "eight": 18, "nine": 19, "zero": 20}}, {"model": "service_development.language", "pk": 2, "fields": {"name": "English", "code": "en", "voice_label": 4, "error_message": 2, "select_language": 8, "pre_choice_option": 9, "post_choice_option": 10, "one": 11, "two": 12, "three": 13, "four": 14, "five": 15, "six": 16, "seven": 17, "eight": 18, "nine": 19, "zero": 20}}, {"model": "service_development.language", "pk": 3, "fields": {"name": "French", "code": "fr", "voice_label": 7, "error_message": 2, "select_language": 8, "pre_choice_option": 9, "post_choice_option": 10, "one": 11, "two": 12, "three": 13, "four": 14, "five": 15, "six": 16, "seven": 17, "eight": 18, "nine": 19, "zero": 20}}, {"model": "service_development.voicefragment", "pk": 1, "fields": {"parent": 6, "language": 2, "audio": "boring_guy_en.wav"}}, {"model": "service_development.voicefragment", "pk": 2, "fields": {"parent": 6, "language": 1, "audio": "boring_guy_nl.wav"}}, {"model": "service_development.voicefragment", "pk": 6, "fields": {"parent": 22, "language": 1, "audio": "no_nl.wav"}}, {"model": "service_development.voicefragment", "pk": 7, "fields": {"parent": 22, "language": 2, "audio": "no_en.wav"}}, {"model": "service_development.voicefragment", "pk": 8, "fields": {"parent": 22, "language": 3, "audio": "no_fr.wav"}}, {"model": "service_development.voicefragment", "pk": 9, "fields": {"parent": 21, "language": 1, "audio": "yes_nl.wav"}}, {"model": "service_development.voicefragment", "pk": 10, "fields": {"parent": 21, "language": 2, "audio": "yes_en.wav"}}, {"model": "service_development.voicefragment", "pk": 11, "fields": {"parent": 21, "language": 3, "audio": "yes_fr.wav"}}, {"model": "service_development.voicefragment", "pk": 12, "fields": {"parent": 20, "language": 1, "audio": "0_nl.wav"}}, {"model": "service_development.voicefragment", "pk": 13, "fields": {"parent": 20, "language": 2, "audio": "0_en.wav"}}, {"model": "service_development.voicefragment", "pk": 14, "fields": {"parent": 20, "language": 3, "audio": "0_fr.wav"}}, {"model": "service_development.voicefragment", "pk": 15, "fields": {"parent": 19, "language": 1, "audio": "9_nl.wav"}}, {"model": "service_development.voicefragment", "pk": 16, "fields": {"parent": 19, "language": 2, "audio": "9_fr.wav"}}, {"model": "service_development.voicefragment", "pk": 17, "fields": {"parent": 19, "language": 3, "audio": "9_en.wav"}}, {"model": "service_development.voicefragment", "pk": 18, "fields": {"parent": 18, "language": 1, "audio": "8_nl.wav"}}, {"model": "service_development.voicefragment", "pk": 19, "fields": {"parent": 18, "language": 2, "audio": "8_en.wav"}}, {"model": "service_development.voicefragment", "pk": 20, "fields": {"parent": 18, "language": 3, "audio": "8_fr.wav"}}, {"model": "service_development.voicefragment", "pk": 21, "fields": {"parent": 17, "language": 1, "audio": "7_nl.wav"}}, {"model": "service_development.voicefragment", "pk": 22, "fields": {"parent": 17, "language": 2, "audio": "7_en.wav"}}, {"model": "service_development.voicefragment", "pk": 23, "fields": {"parent": 17, "language": 3, "audio": "7_fr.wav"}}, {"model": "service_development.voicefragment", "pk": 24, "fields": {"parent": 16, "language": 1, "audio": "6_nl.wav"}}, {"model": "service_development.voicefragment", "pk": 25, "fields": {"parent": 16, "language": 2, "audio": "6_en.wav"}}, {"model": "service_development.voicefragment", "pk": 26, "fields": {"parent": 16, "language": 3, "audio": "6_fr.wav"}}, {"model": "service_development.voicefragment", "pk": 27, "fields": {"parent": 15, "language": 1, "audio": "5_nl.wav"}}, {"model": "service_development.voicefragment", "pk": 28, "fields": {"parent": 15, "language": 2, "audio": "5_en.wav"}}, {"model": "service_development.voicefragment", "pk": 29, "fields": {"parent": 15, "language": 3, "audio": "5_fr.wav"}}, {"model": "service_development.voicefragment", "pk": 30, "fields": {"parent": 14, "language": 1, "audio": "4_nl.wav"}}, {"model": "service_development.voicefragment", "pk": 31, "fields": {"parent": 14, "language": 2, "audio": "4_fr.wav"}}, {"model": "service_development.voicefragment", "pk": 32, "fields": {"parent": 14, "language": 3, "audio": "4_en.wav"}}, {"model": "service_development.voicefragment", "pk": 33, "fields": {"parent": 13, "language": 1, "audio": "3_nl.wav"}}, {"model": "service_development.voicefragment", "pk": 34, "fields": {"parent": 13, "language": 2, "audio": "3_en.wav"}}, {"model": "service_development.voicefragment", "pk": 35, "fields": {"parent": 13, "language": 3, "audio": "3_fr.wav"}}, {"model": "service_development.voicefragment", "pk": 36, "fields": {"parent": 12, "language": 1, "audio": "2_nl.wav"}}, {"model": "service_development.voicefragment", "pk": 37, "fields": {"parent": 12, "language": 2, "audio": "2_en.wav"}}, {"model": "service_development.voicefragment", "pk": 38, "fields": {"parent": 12, "language": 3, "audio": "2_fr.wav"}}, {"model": "service_development.voicefragment", "pk": 39, "fields": {"parent": 11, "language": 1, "audio": "1_nl.wav"}}, {"model": "service_development.voicefragment", "pk": 40, "fields": {"parent": 11, "language": 2, "audio": "1_en.wav"}}, {"model": "service_development.voicefragment", "pk": 41, "fields": {"parent": 11, "language": 3, "audio": "1_fr.wav"}}, {"model": "service_development.voicefragment", "pk": 42, "fields": {"parent": 10, "language": 1, "audio": "post_choice_option_nl.wav"}}, {"model": "service_development.voicefragment", "pk": 43, "fields": {"parent": 10, "language": 2, "audio": "post_choice_option_en.wav"}}, {"model": "service_development.voicefragment", "pk": 44, "fields": {"parent": 10, "language": 3, "audio": "post_choice_option_fr.wav"}}, {"model": "service_development.voicefragment", "pk": 45, "fields": {"parent": 9, "language": 1, "audio": "pre_choice_option_nl.wav"}}, {"model": "service_development.voicefragment", "pk": 46, "fields": {"parent": 9, "language": 2, "audio": "pre_choice_option_en.wav"}}, {"model": "service_development.voicefragment", "pk": 47, "fields": {"parent": 9, "language": 3, "audio": "pre_choice_option_fr.wav"}}, {"model": "service_development.voicefragment", "pk": 48, "fields": {"parent": 8, "language": 1, "audio": "select_language_nl.wav"}}, {"model": "service_development.voicefragment", "pk": 49, "fields": {"parent": 8, "language": 2, "audio": "select_language_en.wav"}}, {"model": "service_development.voicefragment", "pk": 50, "fields": {"parent": 8, "language": 3, "audio": "select_language_fr.wav"}}, {"model": "service_development.voicefragment", "pk": 51, "fields": {"parent": 7, "language": 1, "audio": "french_nl.wav"}}, {"model": "service_development.voicefragment", "pk": 52, "fields": {"parent": 7, "language": 2, "audio": "french_en.wav"}}, {"model": "service_development.voicefragment", "pk": 53, "fields": {"parent": 7, "language": 3, "audio": "french_fr.wav"}}, {"model": "service_development.voicefragment", "pk": 54, "fields": {"parent": 6, "language": 3, "audio": "boring_guy_fr.wav"}}, {"model": "service_development.voicefragment", "pk": 55, "fields": {"parent": 5, "language": 1, "audio": "thank_you_for_using_nl.wav"}}, {"model": "service_development.voicefragment", "pk": 56, "fields": {"parent": 5, "language": 2, "audio": "thank_you_for_using_en.wav"}}, {"model": "service_development.voicefragment", "pk": 57, "fields": {"parent": 5, "language": 3, "audio": "thank_you_for_using_fr.wav"}}, {"model": "service_development.voicefragment", "pk": 58, "fields": {"parent": 4, "language": 1, "audio": "english_nl.wav"}}, {"model": "service_development.voicefragment", "pk": 59, "fields": {"parent": 4, "language": 2, "audio": "english_en.wav"}}, {"model": "service_development.voicefragment", "pk": 60, "fields": {"parent": 4, "language": 3, "audio": "english_fr.wav"}}, {"model": "service_development.voicefragment", "pk": 61, "fields": {"parent": 3, "language": 1, "audio": "truth_nl.wav"}}, {"model": "service_development.voicefragment", "pk": 62, "fields": {"parent": 3, "language": 2, "audio": "truth_en.wav"}}, {"model": "service_development.voicefragment", "pk": 63, "fields": {"parent": 3, "language": 3, "audio": "truth_fr.wav"}}, {"model": "service_development.voicefragment", "pk": 64, "fields": {"parent": 2, "language": 1, "audio": "error_nl.wav"}}, {"model": "service_development.voicefragment", "pk": 65, "fields": {"parent": 2, "language": 2, "audio": "error_en.wav"}}, {"model": "service_development.voicefragment", "pk": 66, "fields": {"parent": 2, "language": 3, "audio": "error_fr.wav"}}, {"model": "service_development.voicefragment", "pk": 67, "fields": {"parent": 1, "language": 1, "audio": "dutch_nl.wav"}}, {"model": "service_development.voicefragment", "pk": 68, "fields": {"parent": 1, "language": 2, "audio": "dutch_en.wav"}}, {"model": "service_development.voicefragment", "pk": 69, "fields": {"parent": 1, "language": 3, "audio": "dutch_fr.wav"}}, {"model": "service_development.voicefragment", "pk": 70, "fields": {"parent": 23, "language": 1, "audio": "king_question_nl.wav"}}, {"model": "service_development.voicefragment", "pk": 71, "fields": {"parent": 23, "language": 2, "audio": "king_question_en.wav"}}, {"model": "service_development.voicefragment", "pk": 72, "fields": {"parent": 23, "language": 3, "audio": "king_question_fr.wav"}}, {"model": "service_development.voicefragment", "pk": 73, "fields": {"parent": 24, "language": 2, "audio": "t1_10_finalconfirm.wav"}}, {"model": "service_development.voicefragment", "pk": 74, "fields": {"parent": 25, "language": 2, "audio": "t1_11_finaldelete.wav"}}, {"model": "service_development.voicefragment", "pk": 75, "fields": {"parent": 26, "language": 2, "audio": "t1_9_confirm_message_prototype.wav"}}, {"model": "service_development.voicefragment", "pk": 76, "fields": {"parent": 27, "language": 2, "audio": "t1_8_record_message_prototype.wav"}}, {"model": "service_development.voicefragment", "pk": 77, "fields": {"parent": 28, "language": 2, "audio": "t1_7_record_name_prototype.wav"}}, {"model": "service_development.voicefragment", "pk": 78, "fields": {"parent": 29, "language": 2, "audio": "t1_2_alertmain.wav"}}, {"model": "service_development.voicefragment", "pk": 79, "fields": {"parent": 30, "language": 2, "audio": "t1_3_entertainmentmain.wav"}}, {"model": "service_development.voicefragment", "pk": 80, "fields": {"parent": 31, "language": 2, "audio": "t1_4_announcementmain.wav"}}, {"model": "service_development.voicefragment", "pk": 81, "fields": {"parent": 32, "language": 2, "audio": "t1_5_promotionalmain.wav"}}, {"model": "service_development.voicefragment", "pk": 82, "fields": {"parent": 33, "language": 2, "audio": "t1_6_othermain.wav"}}, {"model": "service_development.voicefragment", "pk": 83, "fields": {"parent": 34, "language": 2, "audio": "t1_1_opening_v2.wav"}}, {"model": "service_development.voicefragment", "pk": 84, "fields": {"parent": 35, "language": 2, "audio": "t2_8_nomessages.wav"}}, {"model": "service_development.voicefragment", "pk": 85, "fields": {"parent": 36, "language": 2, "audio": "t2_4_broadcastmark.wav"}}, {"model": "service_development.voicefragment", "pk": 86, "fields": {"parent": 37, "language": 2, "audio": "t2_5_deletemark.wav"}}, {"model": "service_development.voicefragment", "pk": 87, "fields": {"parent": 38, "language": 2, "audio": "t2_6_continue.wav"}}, {"model": "service_development.voicefragment", "pk": 88, "fields": {"parent": 39, "language": 2, "audio": "t2_3_testmessage.wav"}}, {"model": "service_development.voicefragment", "pk": 89, "fields": {"parent": 40, "language": 2, "audio": "t2_9_alertoverview.wav"}}, {"model": "service_development.voicefragment", "pk": 90, "fields": {"parent": 41, "language": 2, "audio": "t2_2_v2_editoverview.wav"}}, {"model": "service_development.voicefragment", "pk": 91, "fields": {"parent": 42, "language": 2, "audio": "t2_7_broadcasting.wav"}}, {"model": "service_development.voicefragment", "pk": 92, "fields": {"parent": 43, "language": 2, "audio": "t2_1_opening.wav"}}, {"model": "service_development.voicefragment", "pk": 93, "fields": {"parent": 44, "language": 2, "audio": "t2_10_exit.wav"}}, {"model": "service_development.voicefragment", "pk": 94, "fields": {"parent": 45, "language": 2, "audio": "t3_open.wav"}}, {"model": "service_development.voicefragment", "pk": 95, "fields": {"parent": 46, "language": 2, "audio": "t3_press_one.wav"}}, {"model": "service_development.voicefragment", "pk": 96, "fields": {"parent": 47, "language": 2, "audio": "t3_press_two.wav"}}, {"model": "service_development.voiceservicesubelement", "pk": 2, "fields": {"service": 1, "creation_date": "2017-04-23T19:30:23.792Z", "modification_date": "2017-04-23T23:13:42.317Z", "name": "Does the king like to drink beer?", "description": "", "voice_label": 23}}, {"model": "service_development.voiceservicesubelement", "pk": 3, "fields": {"service": 1, "creation_date": "2017-04-23T19:32:07.853Z", "modification_date": "2017-04-23T22:51:29.350Z", "name": "Yes", "description": "King <3's BEER", "voice_label": 21}}, {"model": "service_development.voiceservicesubelement", "pk": 4, "fields": {"service": 1, "creation_date": "2017-04-23T19:32:07.854Z", "modification_date": "2017-04-23T22:51:29.352Z", "name": "No", "description": "", "voice_label": 22}}, {"model": "service_development.voiceservicesubelement", "pk": 5, "fields": {"service": 1, "creation_date": "2017-04-23T19:49:50.055Z", "modification_date": "2017-04-23T21:17:07.984Z", "name": "This is the truth", "description": "", "voice_label": 3}}, {"model": "service_development.voiceservicesubelement", "pk": 6, "fields": {"service": 1, "creation_date": "2017-04-23T21:11:06.805Z", "modification_date": "2017-04-23T21:33:29.853Z", "name": "Thank you for using this service", "description": "", "voice_label": 5}}, {"model": "service_development.voiceservicesubelement", "pk": 7, "fields": {"service": 1, "creation_date": "2017-04-23T21:36:55.756Z", "modification_date": "2017-04-23T21:36:55.756Z", "name": "King is boring", "description": "", "voice_label": 6}}, {"model": "service_development.voiceservicesubelement", "pk": 8, "fields": {"service": 2, "creation_date": "2017-05-06T17:50:07.817Z", "modification_date": "2017-05-06T17:50:07.817Z", "name": "Task1ConfirmMessage", "description": "confirmed message", "voice_label": 24}}, {"model": "service_development.voiceservicesubelement", "pk": 9, "fields": {"service": 2, "creation_date": "2017-05-06T17:50:55.085Z", "modification_date": "2017-05-06T17:50:55.085Z", "name": "Task1DeleteMessage", "description": "deleted message", "voice_label": 25}}, {"model": "service_development.voiceservicesubelement", "pk": 10, "fields": {"service": 2, "creation_date": "2017-05-06T17:52:13.941Z", "modification_date": "2017-05-06T17:52:13.941Z", "name": "Task1AskConfirmation", "description": "ask to confirm message", "voice_label": 26}}, {"model": "service_development.voiceservicesubelement", "pk": 11, "fields": {"service": 2, "creation_date": "2017-05-06T17:52:13.945Z", "modification_date": "2017-05-06T17:52:13.945Z", "name": "confirmed", "description": "confirmed message", "voice_label": 11}}, {"model": "service_development.voiceservicesubelement", "pk": 12, "fields": {"service": 2, "creation_date": "2017-05-06T17:52:13.946Z", "modification_date": "2017-05-06T17:52:13.946Z", "name": "deleted", "description": "deleted message", "voice_label": 12}}, {"model": "service_development.voiceservicesubelement", "pk": 13, "fields": {"service": 2, "creation_date": "2017-05-06T17:52:48.970Z", "modification_date": "2017-05-06T17:52:48.970Z", "name": "Task1RecordMessage", "description": "Prompt recording of message", "voice_label": 27}}, {"model": "service_development.voiceservicesubelement", "pk": 14, "fields": {"service": 2, "creation_date": "2017-05-06T17:53:25.202Z", "modification_date": "2017-05-06T17:53:25.202Z", "name": "Task1RecordName", "description": "prompt to record name", "voice_label": 28}}, {"model": "service_development.voiceservicesubelement", "pk": 15, "fields": {"service": 2, "creation_date": "2017-05-06T17:56:04.166Z", "modification_date": "2017-05-06T17:56:04.166Z", "name": "Task1AlertSubcat", "description": "ask for a subcategory", "voice_label": 29}}, {"model": "service_development.voiceservicesubelement", "pk": 16, "fields": {"service": 2, "creation_date": "2017-05-06T17:56:04.171Z", "modification_date": "2017-05-06T17:56:04.171Z", "name": "health", "description": "confirmed health", "voice_label": 11}}, {"model": "service_development.voiceservicesubelement", "pk": 17, "fields": {"service": 2, "creation_date": "2017-05-06T17:56:04.172Z", "modification_date": "2017-05-06T17:56:04.172Z", "name": "weather", "description": "confirmed nature", "voice_label": 12}}, {"model": "service_development.voiceservicesubelement", "pk": 18, "fields": {"service": 2, "creation_date": "2017-05-06T17:56:04.173Z", "modification_date": "2017-05-06T17:56:04.173Z", "name": "crime", "description": "confirmed crime", "voice_label": 13}}, {"model": "service_development.voiceservicesubelement", "pk": 19, "fields": {"service": 2, "creation_date": "2017-05-06T17:56:04.174Z", "modification_date": "2017-05-06T17:56:04.174Z", "name": "military", "description": "confirmed military", "voice_label": 14}}, {"model": "service_development.voiceservicesubelement", "pk": 20, "fields": {"service": 2, "creation_date": "2017-05-06T17:57:28.221Z", "modification_date": "2017-05-06T17:57:28.221Z", "name": "Task1EntertainSubcat", "description": "ask for subcategory entertain", "voice_label": 30}}, {"model": "service_development.voiceservicesubelement", "pk": 21, "fields": {"service": 2, "creation_date": "2017-05-06T17:57:28.226Z", "modification_date": "2017-05-06T17:57:28.226Z", "name": "story", "description": "confirmed story", "voice_label": 11}}, {"model": "service_development.voiceservicesubelement", "pk": 22, "fields": {"service": 2, "creation_date": "2017-05-06T17:57:28.227Z", "modification_date": "2017-05-06T17:57:28.227Z", "name": "joke", "description": "confirmed joke", "voice_label": 12}}, {"model": "service_development.voiceservicesubelement", "pk": 23, "fields": {"service": 2, "creation_date": "2017-05-06T17:59:50.792Z", "modification_date": "2017-05-06T17:59:50.792Z", "name": "Task1AnnouncementSubcat", "description": "prompt for announcement", "voice_label": 31}}, {"model": "service_development.voiceservicesubelement", "pk": 24, "fields": {"service": 2, "creation_date": "2017-05-06T17:59:50.796Z", "modification_date": "2017-05-06T17:59:50.796Z", "name": "party", "description": "confirmed party", "voice_label": 11}}, {"model": "service_development.voiceservicesubelement", "pk": 25, "fields": {"service": 2, "creation_date": "2017-05-06T17:59:50.797Z", "modification_date": "2017-05-06T17:59:50.797Z", "name": "funeral", "description": "confirmed funeral", "voice_label": 12}}, {"model": "service_development.voiceservicesubelement", "pk": 26, "fields": {"service": 2, "creation_date": "2017-05-06T17:59:50.798Z", "modification_date": "2017-05-06T17:59:50.798Z", "name": "wedding", "description": "confirmed wedding", "voice_label": 13}}, {"model": "service_development.voiceservicesubelement", "pk": 27, "fields": {"service": 2, "creation_date": "2017-05-06T17:59:50.799Z", "modification_date": "2017-05-06T17:59:50.799Z", "name": "others", "description": "confirmed other events", "voice_label": 14}}, {"model": "service_development.voiceservicesubelement", "pk": 28, "fields": {"service": 2, "creation_date": "2017-05-06T18:01:50.742Z", "modification_date": "2017-05-06T18:01:50.742Z", "name": "Task1PromotionalSubcat", "description": "subcategories for promotionals", "voice_label": 32}}, {"model": "service_development.voiceservicesubelement", "pk": 29, "fields": {"service": 2, "creation_date": "2017-05-06T18:01:50.746Z", "modification_date": "2017-05-06T18:01:50.746Z", "name": "selling", "description": "confirmed selling", "voice_label": 11}}, {"model": "service_development.voiceservicesubelement", "pk": 30, "fields": {"service": 2, "creation_date": "2017-05-06T18:01:50.747Z", "modification_date": "2017-05-06T18:01:50.747Z", "name": "buying", "description": "confirmed buying", "voice_label": 12}}, {"model": "service_development.voiceservicesubelement", "pk": 31, "fields": {"service": 2, "creation_date": "2017-05-06T18:01:50.748Z", "modification_date": "2017-05-06T18:01:50.748Z", "name": "discounts", "description": "confirmed discounts", "voice_label": 13}}, {"model": "service_development.voiceservicesubelement", "pk": 32, "fields": {"service": 2, "creation_date": "2017-05-06T18:01:50.749Z", "modification_date": "2017-05-06T18:01:50.749Z", "name": "jobsposting", "description": "confirmed jobs", "voice_label": 14}}, {"model": "service_development.voiceservicesubelement", "pk": 33, "fields": {"service": 2, "creation_date": "2017-05-06T18:02:32.726Z", "modification_date": "2017-05-06T18:02:32.726Z", "name": "Task1OthersSub", "description": "Redirect to other categories", "voice_label": 33}}, {"model": "service_development.voiceservicesubelement", "pk": 34, "fields": {"service": 2, "creation_date": "2017-05-06T18:04:56.245Z", "modification_date": "2017-05-06T18:04:56.245Z", "name": "Task1MainCat", "description": "ask main category", "voice_label": 34}}, {"model": "service_development.voiceservicesubelement", "pk": 35, "fields": {"service": 2, "creation_date": "2017-05-06T18:04:56.249Z", "modification_date": "2017-05-06T18:04:56.249Z", "name": "alert", "description": "confirm alert", "voice_label": 11}}, {"model": "service_development.voiceservicesubelement", "pk": 36, "fields": {"service": 2, "creation_date": "2017-05-06T18:04:56.250Z", "modification_date": "2017-05-06T18:04:56.250Z", "name": "entertain", "description": "confirm entertain", "voice_label": 12}}, {"model": "service_development.voiceservicesubelement", "pk": 37, "fields": {"service": 2, "creation_date": "2017-05-06T18:04:56.251Z", "modification_date": "2017-05-06T18:04:56.251Z", "name": "announcement", "description": "confirm announcement", "voice_label": 13}}, {"model": "service_development.voiceservicesubelement", "pk": 38, "fields": {"service": 2, "creation_date": "2017-05-06T18:04:56.252Z", "modification_date": "2017-05-06T18:04:56.252Z", "name": "promotional", "description": "confirm promotional", "voice_label": 14}}, {"model": "service_development.voiceservicesubelement", "pk": 39, "fields": {"service": 2, "creation_date": "2017-05-06T18:04:56.253Z", "modification_date": "2017-05-06T18:04:56.253Z", "name": "others", "description": "confirm others", "voice_label": 15}}, {"model": "service_development.voiceservicesubelement", "pk": 40, "fields": {"service": 3, "creation_date": "2017-05-06T18:50:23.936Z", "modification_date": "2017-05-06T18:50:23.936Z", "name": "Task2ExitApp", "description": "exiting app", "voice_label": 44}}, {"model": "service_development.voiceservicesubelement", "pk": 41, "fields": {"service": 3, "creation_date": "2017-05-06T18:52:43.756Z", "modification_date": "2017-05-06T19:09:04.262Z", "name": "Task2MainMenuOp", "description": "main menu", "voice_label": 43}}, {"model": "service_development.voiceservicesubelement", "pk": 42, "fields": {"service": 3, "creation_date": "2017-05-06T18:54:02.240Z", "modification_date": "2017-05-06T19:09:54.523Z", "name": "Task2AskExit", "description": "no messages left exit or menu", "voice_label": 35}}, {"model": "service_development.voiceservicesubelement", "pk": 43, "fields": {"service": 3, "creation_date": "2017-05-06T18:54:02.244Z", "modification_date": "2017-05-06T19:09:54.527Z", "name": "menu", "description": "back to main", "voice_label": 11}}, {"model": "service_development.voiceservicesubelement", "pk": 44, "fields": {"service": 3, "creation_date": "2017-05-06T18:55:07.518Z", "modification_date": "2017-05-06T18:55:07.518Z", "name": "Task2BroadcastMark", "description": "marked for broadcast", "voice_label": 36}}, {"model": "service_development.voiceservicesubelement", "pk": 45, "fields": {"service": 3, "creation_date": "2017-05-06T18:56:10.927Z", "modification_date": "2017-05-06T18:56:10.927Z", "name": "Task2DeleteMark", "description": "marked for delete", "voice_label": 37}}, {"model": "service_development.voiceservicesubelement", "pk": 46, "fields": {"service": 3, "creation_date": "2017-05-06T18:56:37.973Z", "modification_date": "2017-05-06T18:56:37.973Z", "name": "Task2NoMark", "description": "no marking", "voice_label": 38}}, {"model": "service_development.voiceservicesubelement", "pk": 47, "fields": {"service": 3, "creation_date": "2017-05-06T18:59:27.432Z", "modification_date": "2017-05-06T18:59:27.432Z", "name": "Task2TestMessages", "description": "test message edit", "voice_label": 39}}, {"model": "service_development.voiceservicesubelement", "pk": 48, "fields": {"service": 3, "creation_date": "2017-05-06T18:59:27.436Z", "modification_date": "2017-05-06T18:59:27.437Z", "name": "broadcast", "description": "mark for broadcast", "voice_label": 11}}, {"model": "service_development.voiceservicesubelement", "pk": 49, "fields": {"service": 3, "creation_date": "2017-05-06T18:59:27.438Z", "modification_date": "2017-05-06T18:59:27.438Z", "name": "delete", "description": "mark for delete", "voice_label": 12}}, {"model": "service_development.voiceservicesubelement", "pk": 50, "fields": {"service": 3, "creation_date": "2017-05-06T18:59:27.439Z", "modification_date": "2017-05-06T18:59:27.439Z", "name": "nomark", "description": "continueing", "voice_label": 13}}, {"model": "service_development.voiceservicesubelement", "pk": 51, "fields": {"service": 3, "creation_date": "2017-05-06T19:02:54.740Z", "modification_date": "2017-05-06T19:02:54.740Z", "name": "Task2Alertoverview", "description": "alerts overview", "voice_label": 40}}, {"model": "service_development.voiceservicesubelement", "pk": 52, "fields": {"service": 3, "creation_date": "2017-05-06T19:02:54.744Z", "modification_date": "2017-05-06T19:02:54.744Z", "name": "health", "description": "confirm health message", "voice_label": 11}}, {"model": "service_development.voiceservicesubelement", "pk": 53, "fields": {"service": 3, "creation_date": "2017-05-06T19:05:02.991Z", "modification_date": "2017-05-06T19:05:02.991Z", "name": "Task2EditOverview", "description": "overview of edit options", "voice_label": 41}}, {"model": "service_development.voiceservicesubelement", "pk": 54, "fields": {"service": 3, "creation_date": "2017-05-06T19:05:02.996Z", "modification_date": "2017-05-06T19:05:02.996Z", "name": "allmessages", "description": "play all messages", "voice_label": 11}}, {"model": "service_development.voiceservicesubelement", "pk": 55, "fields": {"service": 3, "creation_date": "2017-05-06T19:05:02.997Z", "modification_date": "2017-05-06T19:05:02.997Z", "name": "alertmessages", "description": "play all alerts", "voice_label": 12}}, {"model": "service_development.voiceservicesubelement", "pk": 56, "fields": {"service": 3, "creation_date": "2017-05-06T19:07:11.713Z", "modification_date": "2017-05-06T19:07:11.713Z", "name": "Task2FakeBroadcast", "description": "fake a broadcast", "voice_label": 42}}, {"model": "service_development.voiceservicesubelement", "pk": 57, "fields": {"service": 3, "creation_date": "2017-05-06T19:09:04.267Z", "modification_date": "2017-05-06T19:09:04.267Z", "name": "editing", "description": "go editing", "voice_label": 11}}, {"model": "service_development.voiceservicesubelement", "pk": 58, "fields": {"service": 3, "creation_date": "2017-05-06T19:09:04.268Z", "modification_date": "2017-05-06T19:09:04.268Z", "name": "broadcasting", "description": "go broadcast", "voice_label": 12}}, {"model": "service_development.voiceservicesubelement", "pk": 59, "fields": {"service": 3, "creation_date": "2017-05-06T19:09:54.529Z", "modification_date": "2017-05-06T19:09:54.529Z", "name": "exit", "description": "exit app", "voice_label": 12}}, {"model": "service_development.voiceservicesubelement", "pk": 60, "fields": {"service": 4, "creation_date": "2017-05-10T20:08:17.323Z", "modification_date": "2017-05-10T20:08:17.323Z", "name": "TestVoiceOneChoice", "description": "chose one", "voice_label": 46}}, {"model": "service_development.voiceservicesubelement", "pk": 61, "fields": {"service": 4, "creation_date": "2017-05-10T20:08:51.614Z", "modification_date": "2017-05-10T20:08:51.614Z", "name": "TestVoiceTwoChoice", "description": "chose two", "voice_label": 47}}, {"model": "service_development.voiceservicesubelement", "pk": 62, "fields": {"service": 4, "creation_date": "2017-05-10T20:10:19.540Z", "modification_date": "2017-05-10T20:10:19.540Z", "name": "TestVoiceOpen", "description": "test voice open", "voice_label": 45}}, {"model": "service_development.voiceservicesubelement", "pk": 63, "fields": {"service": 4, "creation_date": "2017-05-10T20:10:19.544Z", "modification_date": "2017-05-10T20:10:19.544Z", "name": "onechoice", "description": "one choice", "voice_label": 11}}, {"model": "service_development.voiceservicesubelement", "pk": 64, "fields": {"service": 4, "creation_date": "2017-05-10T20:10:19.546Z", "modification_date": "2017-05-10T20:10:19.546Z", "name": "twochoice", "description": "two choice", "voice_label": 12}}, {"model": "service_development.voiceserviceelement", "pk": 2, "fields": {}}, {"model": "service_development.voiceserviceelement", "pk": 5, "fields": {}}, {"model": "service_development.voiceserviceelement", "pk": 6, "fields": {}}, {"model": "service_development.voiceserviceelement", "pk": 7, "fields": {}}, {"model": "service_development.voiceserviceelement", "pk": 8, "fields": {}}, {"model": "service_development.voiceserviceelement", "pk": 9, "fields": {}}, {"model": "service_development.voiceserviceelement", "pk": 10, "fields": {}}, {"model": "service_development.voiceserviceelement", "pk": 13, "fields": {}}, {"model": "service_development.voiceserviceelement", "pk": 14, "fields": {}}, {"model": "service_development.voiceserviceelement", "pk": 15, "fields": {}}, {"model": "service_development.voiceserviceelement", "pk": 20, "fields": {}}, {"model": "service_development.voiceserviceelement", "pk": 23, "fields": {}}, {"model": "service_development.voiceserviceelement", "pk": 28, "fields": {}}, {"model": "service_development.voiceserviceelement", "pk": 33, "fields": {}}, {"model": "service_development.voiceserviceelement", "pk": 34, "fields": {}}, {"model": "service_development.voiceserviceelement", "pk": 40, "fields": {}}, {"model": "service_development.voiceserviceelement", "pk": 41, "fields": {}}, {"model": "service_development.voiceserviceelement", "pk": 42, "fields": {}}, {"model": "service_development.voiceserviceelement", "pk": 44, "fields": {}}, {"model": "service_development.voiceserviceelement", "pk": 45, "fields": {}}, {"model": "service_development.voiceserviceelement", "pk": 46, "fields": {}}, {"model": "service_development.voiceserviceelement", "pk": 47, "fields": {}}, {"model": "service_development.voiceserviceelement", "pk": 51, "fields": {}}, {"model": "service_development.voiceserviceelement", "pk": 53, "fields": {}}, {"model": "service_development.voiceserviceelement", "pk": 56, "fields": {}}, {"model": "service_development.voiceserviceelement", "pk": 60, "fields": {}}, {"model": "service_development.voiceserviceelement", "pk": 61, "fields": {}}, {"model": "service_development.voiceserviceelement", "pk": 62, "fields": {}}, {"model": "service_development.voiceservice", "pk": 1, "fields": {"name": "King's truth checker", "description": "Checks the user's knowledge about the king of the Netherlands", "creation_date": "2017-04-23T19:23:52.392Z", "modification_date": "2017-04-23T23:19:18.069Z", "active": true, "_start_element": 2, "requires_registration": false, "supported_languages": [1, 2, 3]}}, {"model": "service_development.voiceservice", "pk": 2, "fields": {"name": "CustomerMessage", "description": "for customer to leave message", "creation_date": "2017-05-06T17:49:21.977Z", "modification_date": "2017-05-06T18:05:22.059Z", "active": true, "_start_element": 34, "requires_registration": false, "supported_languages": [2]}}, {"model": "service_development.voiceservice", "pk": 3, "fields": {"name": "OperatorManage", "description": "allows operator to manage", "creation_date": "2017-05-06T18:38:39.947Z", "modification_date": "2017-05-06T19:10:43.390Z", "active": true, "_start_element": 41, "requires_registration": false, "supported_languages": [2]}}, {"model": "service_development.voiceservice", "pk": 4, "fields": {"name": "TestVoiceService", "description": "test voice", "creation_date": "2017-05-10T20:05:17.194Z", "modification_date": "2017-05-10T20:11:24.327Z", "active": true, "_start_element": 62, "requires_registration": false, "supported_languages": [2]}}, {"model": "service_development.choice", "pk": 2, "fields": {}}, {"model": "service_development.choice", "pk": 10, "fields": {}}, {"model": "service_development.choice", "pk": 15, "fields": {}}, {"model": "service_development.choice", "pk": 20, "fields": {}}, {"model": "service_development.choice", "pk": 23, "fields": {}}, {"model": "service_development.choice", "pk": 28, "fields": {}}, {"model": "service_development.choice", "pk": 34, "fields": {}}, {"model": "service_development.choice", "pk": 41, "fields": {}}, {"model": "service_development.choice", "pk": 42, "fields": {}}, {"model": "service_development.choice", "pk": 47, "fields": {}}, {"model": "service_development.choice", "pk": 51, "fields": {}}, {"model": "service_development.choice", "pk": 53, "fields": {}}, {"model": "service_development.choice", "pk": 62, "fields": {}}, {"model": "service_development.choiceoption", "pk": 3, "fields": {"parent": 2, "_redirect": 5}}, {"model": "service_development.choiceoption", "pk": 4, "fields": {"parent": 2, "_redirect": 7}}, {"model": "service_development.choiceoption", "pk": 11, "fields": {"parent": 10, "_redirect": 8}}, {"model": "service_development.choiceoption", "pk": 12, "fields": {"parent": 10, "_redirect": 9}}, {"model": "service_development.choiceoption", "pk": 16, "fields": {"parent": 15, "_redirect": 14}}, {"model": "service_development.choiceoption", "pk": 17, "fields": {"parent": 15, "_redirect": 14}}, {"model": "service_development.choiceoption", "pk": 18, "fields": {"parent": 15, "_redirect": 14}}, {"model": "service_development.choiceoption", "pk": 19, "fields": {"parent": 15, "_redirect": 14}}, {"model": "service_development.choiceoption", "pk": 21, "fields": {"parent": 20, "_redirect": 14}}, {"model": "service_development.choiceoption", "pk": 22, "fields": {"parent": 20, "_redirect": 14}}, {"model": "service_development.choiceoption", "pk": 24, "fields": {"parent": 23, "_redirect": 14}}, {"model": "service_development.choiceoption", "pk": 25, "fields": {"parent": 23, "_redirect": 14}}, {"model": "service_development.choiceoption", "pk": 26, "fields": {"parent": 23, "_redirect": 14}}, {"model": "service_development.choiceoption", "pk": 27, "fields": {"parent": 23, "_redirect": 14}}, {"model": "service_development.choiceoption", "pk": 29, "fields": {"parent": 28, "_redirect": 14}}, {"model": "service_development.choiceoption", "pk": 30, "fields": {"parent": 28, "_redirect": 14}}, {"model": "service_development.choiceoption", "pk": 31, "fields": {"parent": 28, "_redirect": 14}}, {"model": "service_development.choiceoption", "pk": 32, "fields": {"parent": 28, "_redirect": 14}}, {"model": "service_development.choiceoption", "pk": 35, "fields": {"parent": 34, "_redirect": 15}}, {"model": "service_development.choiceoption", "pk": 36, "fields": {"parent": 34, "_redirect": 20}}, {"model": "service_development.choiceoption", "pk": 37, "fields": {"parent": 34, "_redirect": 23}}, {"model": "service_development.choiceoption", "pk": 38, "fields": {"parent": 34, "_redirect": 28}}, {"model": "service_development.choiceoption", "pk": 39, "fields": {"parent": 34, "_redirect": 33}}, {"model": "service_development.choiceoption", "pk": 43, "fields": {"parent": 42, "_redirect": 41}}, {"model": "service_development.choiceoption", "pk": 48, "fields": {"parent": 47, "_redirect": 44}}, {"model": "service_development.choiceoption", "pk": 49, "fields": {"parent": 47, "_redirect": 45}}, {"model": "service_development.choiceoption", "pk": 50, "fields": {"parent": 47, "_redirect": 46}}, {"model": "service_development.choiceoption", "pk": 52, "fields": {"parent": 51, "_redirect": 47}}, {"model": "service_development.choiceoption", "pk": 54, "fields": {"parent": 53, "_redirect": 47}}, {"model": "service_development.choiceoption", "pk": 55, "fields": {"parent": 53, "_redirect": 51}}, {"model": "service_development.choiceoption", "pk": 57, "fields": {"parent": 41, "_redirect": 53}}, {"model": "service_development.choiceoption", "pk": 58, "fields": {"parent": 41, "_redirect": 56}}, {"model": "service_development.choiceoption", "pk": 59, "fields": {"parent": 42, "_redirect": 40}}, {"model": "service_development.choiceoption", "pk": 63, "fields": {"parent": 62, "_redirect": 60}}, {"model": "service_development.choiceoption", "pk": 64, "fields": {"parent": 62, "_redirect": 61}}, {"model": "service_development.messagepresentation", "pk": 5, "fields": {"final_element": false, "_redirect": 6}}, {"model": "service_development.messagepresentation", "pk": 6, "fields": {"final_element": true, "_redirect": null}}, {"model": "service_development.messagepresentation", "pk": 7, "fields": {"final_element": false, "_redirect": 6}}, {"model": "service_development.messagepresentation", "pk": 8, "fields": {"final_element": true, "_redirect": null}}, {"model": "service_development.messagepresentation", "pk": 9, "fields": {"final_element": true, "_redirect": null}}, {"model": "service_development.messagepresentation", "pk": 13, "fields": {"final_element": false, "_redirect": 10}}, {"model": "service_development.messagepresentation", "pk": 14, "fields": {"final_element": false, "_redirect": 13}}, {"model": "service_development.messagepresentation", "pk": 33, "fields": {"final_element": false, "_redirect": 14}}, {"model": "service_development.messagepresentation", "pk": 40, "fields": {"final_element": true, "_redirect": null}}, {"model": "service_development.messagepresentation", "pk": 44, "fields": {"final_element": false, "_redirect": 42}}, {"model": "service_development.messagepresentation", "pk": 45, "fields": {"final_element": false, "_redirect": 42}}, {"model": "service_development.messagepresentation", "pk": 46, "fields": {"final_element": false, "_redirect": 42}}, {"model": "service_development.messagepresentation", "pk": 56, "fields": {"final_element": false, "_redirect": 42}}, {"model": "service_development.messagepresentation", "pk": 60, "fields": {"final_element": true, "_redirect": null}}, {"model": "service_development.messagepresentation", "pk": 61, "fields": {"final_element": true, "_redirect": null}}]