[{"model": "service_development.voicelabel", "pk": 1, "fields": {"name": "Dutch language", "description": "Nederlandse taal"}}, {"model": "service_development.voicelabel", "pk": 2, "fields": {"name": "General error message", "description": ""}}, {"model": "service_development.voicelabel", "pk": 3, "fields": {"name": "This is the truth", "description": ""}}, {"model": "service_development.voicelabel", "pk": 4, "fields": {"name": "English language", "description": ""}}, {"model": "service_development.voicelabel", "pk": 5, "fields": {"name": "Thank you for using this service", "description": ""}}, {"model": "service_development.voicelabel", "pk": 6, "fields": {"name": "Wow, it must be a really boring guy!", "description": ""}}, {"model": "service_development.voicelabel", "pk": 7, "fields": {"name": "French language", "description": ""}}, {"model": "service_development.voicelabel", "pk": 8, "fields": {"name": "Please select your language", "description": ""}}, {"model": "service_development.voicelabel", "pk": 9, "fields": {"name": "Pre Choice Option", "description": ""}}, {"model": "service_development.voicelabel", "pk": 10, "fields": {"name": "Post Choice Option", "description": ""}}, {"model": "service_development.voicelabel", "pk": 11, "fields": {"name": "One", "description": ""}}, {"model": "service_development.voicelabel", "pk": 12, "fields": {"name": "Two", "description": ""}}, {"model": "service_development.voicelabel", "pk": 13, "fields": {"name": "Three", "description": ""}}, {"model": "service_development.voicelabel", "pk": 14, "fields": {"name": "Four", "description": ""}}, {"model": "service_development.voicelabel", "pk": 15, "fields": {"name": "Five", "description": ""}}, {"model": "service_development.voicelabel", "pk": 16, "fields": {"name": "Six", "description": ""}}, {"model": "service_development.voicelabel", "pk": 17, "fields": {"name": "Seven", "description": ""}}, {"model": "service_development.voicelabel", "pk": 18, "fields": {"name": "Eight", "description": ""}}, {"model": "service_development.voicelabel", "pk": 19, "fields": {"name": "Nine", "description": ""}}, {"model": "service_development.voicelabel", "pk": 20, "fields": {"name": "Zero", "description": ""}}, {"model": "service_development.voicelabel", "pk": 21, "fields": {"name": "Yes", "description": ""}}, {"model": "service_development.voicelabel", "pk": 22, "fields": {"name": "No", "description": ""}}, {"model": "service_development.voicelabel", "pk": 23, "fields": {"name": "Does the king like to drink beer?", "description": ""}}, {"model": "service_development.voicelabel", "pk": 24, "fields": {"name": "Task1FinalConfirm", "description": "confirmed message"}}, {"model": "service_development.voicelabel", "pk": 25, "fields": {"name": "Task1FinalDelete", "description": "delete message"}}, {"model": "service_development.voicelabel", "pk": 26, "fields": {"name": "Task1AskConfirm", "description": "ask to confirm message"}}, {"model": "service_development.voicelabel", "pk": 27, "fields": {"name": "Task1RecordMessage", "description": "Ask to record message"}}, {"model": "service_development.voicelabel", "pk": 28, "fields": {"name": "Task1RecordName", "description": "ask to record name"}}, {"model": "service_development.voicelabel", "pk": 29, "fields": {"name": "Task1AlertSub", "description": "ask for subs in alert"}}, {"model": "service_development.voicelabel", "pk": 30, "fields": {"name": "Task1EntertainSub", "description": "ask for subs entertain"}}, {"model": "service_development.voicelabel", "pk": 31, "fields": {"name": "Task1AnnouncementSub", "description": "Ask for subs announcement"}}, {"model": "service_development.voicelabel", "pk": 32, "fields": {"name": "Task1PromotionalSub", "description": "Ask for subs promotionals"}}, {"model": "service_development.voicelabel", "pk": 33, "fields": {"name": "Task1OtherSub", "description": "prompt an other category"}}, {"model": "service_development.voicelabel", "pk": 34, "fields": {"name": "Task1Welcome", "description": "welcome and promt main cat"}}, {"model": "service_development.voicelabel", "pk": 35, "fields": {"name": "Task2NoMessages", "description": "no messages left prompting"}}, {"model": "service_development.voicelabel", "pk": 36, "fields": {"name": "Task2broadcastmark", "description": "marked for broadcast"}}, {"model": "service_development.voicelabel", "pk": 37, "fields": {"name": "task2deletemark", "description": "mark for delete"}}, {"model": "service_development.voicelabel", "pk": 38, "fields": {"name": "Task2nomark", "description": "no mark on message"}}, {"model": "service_development.voicelabel", "pk": 39, "fields": {"name": "Task2testmessage", "description": "test message for edit"}}, {"model": "service_development.voicelabel", "pk": 40, "fields": {"name": "Task2alertoverview", "description": "overview of alerts"}}, {"model": "service_development.voicelabel", "pk": 41, "fields": {"name": "Task2editoverview", "description": "shows edit options"}}, {"model": "service_development.voicelabel", "pk": 42, "fields": {"name": "Task2broadcast", "description": "broadcast messages"}}, {"model": "service_development.voicelabel", "pk": 43, "fields": {"name": "Task2Mainmenu", "description": "main"}}, {"model": "service_development.voicelabel", "pk": 44, "fields": {"name": "Task2exit", "description": "exiting app"}}, {"model": "service_development.voicelabel", "pk": 45, "fields": {"name": "testvoiceopen", "description": "open test voice"}}, {"model": "service_development.voicelabel", "pk": 46, "fields": {"name": "testvoiceone", "description": "test voice one"}}, {"model": "service_development.voicelabel", "pk": 47, "fields": {"name": "testvoicetwo", "description": "test voice two"}}, {"model": "service_development.voicelabel", "pk": 48, "fields": {"name": "vtwotoneopening", "description": "opening task1"}}, {"model": "service_development.voicelabel", "pk": 49, "fields": {"name": "vtwotonealertopt", "description": "alert option"}}, {"model": "service_development.voicelabel", "pk": 50, "fields": {"name": "vtwotoneannounceop", "description": "announcement opt"}}, {"model": "service_development.voicelabel", "pk": 51, "fields": {"name": "vtwotoneentertainopt", "description": "entertain opt"}}, {"model": "service_development.voicelabel", "pk": 52, "fields": {"name": "vtwotonepromoopt", "description": "promotional opt"}}, {"model": "service_development.voicelabel", "pk": 53, "fields": {"name": "vtwotoneotheropt", "description": "othertope"}}, {"model": "service_development.voicelabel", "pk": 54, "fields": {"name": "vtwotoneleavename", "description": "leave name prompt"}}, {"model": "service_development.voicelabel", "pk": 55, "fields": {"name": "vtwotoneleavemes", "description": "leave message"}}, {"model": "service_development.voicelabel", "pk": 56, "fields": {"name": "vtwotoneconfirmprompt", "description": "prompt confirm"}}, {"model": "service_development.voicelabel", "pk": 57, "fields": {"name": "vtwotoneconfirmopt", "description": "opt confirm"}}, {"model": "service_development.voicelabel", "pk": 58, "fields": {"name": "vtwotonecancelopt", "description": "opt cancel"}}, {"model": "service_development.voicelabel", "pk": 59, "fields": {"name": "vtwotoneconfirmend", "description": "end confirm"}}, {"model": "service_development.voicelabel", "pk": 60, "fields": {"name": "vtwotonecancelend", "description": "end cancel"}}, {"model": "service_development.voicelabel", "pk": 61, "fields": {"name": "vtwotonealertmenu", "description": "alert menu"}}, {"model": "service_development.voicelabel", "pk": 62, "fields": {"name": "vtwotonesubalerthealth", "description": "health option subalert"}}, {"model": "service_development.voicelabel", "pk": 63, "fields": {"name": "vtwotonesubalertweather", "description": "weather option subalert"}}, {"model": "service_development.voicelabel", "pk": 64, "fields": {"name": "vtwotonesubalertcrime", "description": "crime option subalert"}}, {"model": "service_development.voicelabel", "pk": 65, "fields": {"name": "vtwotonesubalertmilitary", "description": "militaryoptionsubalert"}}, {"model": "service_development.voicelabel", "pk": 66, "fields": {"name": "vtwotoneentertainmenu", "description": "entertain menu"}}, {"model": "service_development.voicelabel", "pk": 67, "fields": {"name": "vtwotonesubenterstory", "description": "story option subentertain"}}, {"model": "service_development.voicelabel", "pk": 68, "fields": {"name": "vtwotonesubenterjoke", "description": "joke option subenter"}}, {"model": "service_development.voicelabel", "pk": 69, "fields": {"name": "vtwotoneannouncemenu", "description": "announcement menu"}}, {"model": "service_development.voicelabel", "pk": 70, "fields": {"name": "vtwotonesubannounceparty", "description": "party option subannounce"}}, {"model": "service_development.voicelabel", "pk": 71, "fields": {"name": "vtwotonesubannouncefuneral", "description": "funeral option subannounce"}}, {"model": "service_development.voicelabel", "pk": 72, "fields": {"name": "vtwotonesubannouncewedding", "description": "wedding option subannounce"}}, {"model": "service_development.voicelabel", "pk": 73, "fields": {"name": "vtwotonesubannounceother", "description": "others option subannounce"}}, {"model": "service_development.voicelabel", "pk": 74, "fields": {"name": "vtwotonepromomenu", "description": "promotional menu"}}, {"model": "service_development.voicelabel", "pk": 75, "fields": {"name": "vtwotonesubpromosell", "description": "selling option subpromo"}}, {"model": "service_development.voicelabel", "pk": 76, "fields": {"name": "vtwotonesubpromobuy", "description": "buying option subpromo"}}, {"model": "service_development.voicelabel", "pk": 77, "fields": {"name": "vtwotonesubpromodiscount", "description": "discounts subpromo"}}, {"model": "service_development.voicelabel", "pk": 78, "fields": {"name": "vtwotonesubpromojob", "description": "job option subpromo"}}, {"model": "service_development.voicelabel", "pk": 79, "fields": {"name": "vtwotoneothermenu", "description": "others menu"}}, {"model": "service_development.voicelabel", "pk": 80, "fields": {"name": "vtwottwoopening", "description": "opening menu"}}, {"model": "service_development.voicelabel", "pk": 81, "fields": {"name": "vtwottwomainoptedit", "description": "main menu edit opt"}}, {"model": "service_development.voicelabel", "pk": 82, "fields": {"name": "vtwottwomainoptbroad", "description": "main menu broadcast opt"}}, {"model": "service_development.voicelabel", "pk": 83, "fields": {"name": "vtwottwoeditmenu", "description": "edit menu"}}, {"model": "service_development.voicelabel", "pk": 84, "fields": {"name": "vtwottwoeditoptall", "description": "listen to all"}}, {"model": "service_development.voicelabel", "pk": 85, "fields": {"name": "vtwottwoeditoptalert", "description": "listen to alert"}}, {"model": "service_development.voicelabel", "pk": 86, "fields": {"name": "vtwottwoeditalertmenus", "description": "edit alert messages"}}, {"model": "service_development.voicelabel", "pk": 87, "fields": {"name": "vtwottwoalertedithealthopt", "description": "option to listen to health"}}, {"model": "service_development.voicelabel", "pk": 88, "fields": {"name": "vtwottwoedittestmessage", "description": "edit test message"}}, {"model": "service_development.voicelabel", "pk": 89, "fields": {"name": "vtwottwomarkbroadcast", "description": "mark edit broadcast"}}, {"model": "service_development.voicelabel", "pk": 90, "fields": {"name": "vtwottwomarkdelete", "description": "mark deletion"}}, {"model": "service_development.voicelabel", "pk": 91, "fields": {"name": "vtwottwonomark", "description": "no mark continue"}}, {"model": "service_development.voicelabel", "pk": 92, "fields": {"name": "vtwottwotestbroadcast", "description": "test broadcast message"}}, {"model": "service_development.voicelabel", "pk": 93, "fields": {"name": "vtwottwonomessages", "description": "no messages left menu"}}, {"model": "service_development.voicelabel", "pk": 94, "fields": {"name": "vtwottwonomessagesoptback", "description": "back to main menu opt"}}, {"model": "service_development.voicelabel", "pk": 95, "fields": {"name": "vtwottwonomessagesoptquit", "description": "quit application"}}, {"model": "service_development.voicelabel", "pk": 96, "fields": {"name": "vtwottwoendingcall", "description": "ending call"}}, {"model": "service_development.language", "pk": 1, "fields": {"name": "Nederlands", "code": "nl", "voice_label": 1, "error_message": 2, "select_language": 8, "pre_choice_option": 9, "post_choice_option": 10, "one": 11, "two": 12, "three": 13, "four": 14, "five": 15, "six": 16, "seven": 17, "eight": 18, "nine": 19, "zero": 20}}, {"model": "service_development.language", "pk": 2, "fields": {"name": "English", "code": "en", "voice_label": 4, "error_message": 2, "select_language": 8, "pre_choice_option": 9, "post_choice_option": 10, "one": 11, "two": 12, "three": 13, "four": 14, "five": 15, "six": 16, "seven": 17, "eight": 18, "nine": 19, "zero": 20}}, {"model": "service_development.language", "pk": 3, "fields": {"name": "French", "code": "fr", "voice_label": 7, "error_message": 2, "select_language": 8, "pre_choice_option": 9, "post_choice_option": 10, "one": 11, "two": 12, "three": 13, "four": 14, "five": 15, "six": 16, "seven": 17, "eight": 18, "nine": 19, "zero": 20}}, {"model": "service_development.voicefragment", "pk": 1, "fields": {"parent": 6, "language": 2, "audio": "boring_guy_en.wav"}}, {"model": "service_development.voicefragment", "pk": 2, "fields": {"parent": 6, "language": 1, "audio": "boring_guy_nl.wav"}}, {"model": "service_development.voicefragment", "pk": 6, "fields": {"parent": 22, "language": 1, "audio": "no_nl.wav"}}, {"model": "service_development.voicefragment", "pk": 7, "fields": {"parent": 22, "language": 2, "audio": "no_en.wav"}}, {"model": "service_development.voicefragment", "pk": 8, "fields": {"parent": 22, "language": 3, "audio": "no_fr.wav"}}, {"model": "service_development.voicefragment", "pk": 9, "fields": {"parent": 21, "language": 1, "audio": "yes_nl.wav"}}, {"model": "service_development.voicefragment", "pk": 10, "fields": {"parent": 21, "language": 2, "audio": "yes_en.wav"}}, {"model": "service_development.voicefragment", "pk": 11, "fields": {"parent": 21, "language": 3, "audio": "yes_fr.wav"}}, {"model": "service_development.voicefragment", "pk": 12, "fields": {"parent": 20, "language": 1, "audio": "0_nl.wav"}}, {"model": "service_development.voicefragment", "pk": 13, "fields": {"parent": 20, "language": 2, "audio": "0_en.wav"}}, {"model": "service_development.voicefragment", "pk": 14, "fields": {"parent": 20, "language": 3, "audio": "0_fr.wav"}}, {"model": "service_development.voicefragment", "pk": 15, "fields": {"parent": 19, "language": 1, "audio": "9_nl.wav"}}, {"model": "service_development.voicefragment", "pk": 16, "fields": {"parent": 19, "language": 2, "audio": "9_fr.wav"}}, {"model": "service_development.voicefragment", "pk": 17, "fields": {"parent": 19, "language": 3, "audio": "9_en.wav"}}, {"model": "service_development.voicefragment", "pk": 18, "fields": {"parent": 18, "language": 1, "audio": "8_nl.wav"}}, {"model": "service_development.voicefragment", "pk": 19, "fields": {"parent": 18, "language": 2, "audio": "8_en.wav"}}, {"model": "service_development.voicefragment", "pk": 20, "fields": {"parent": 18, "language": 3, "audio": "8_fr.wav"}}, {"model": "service_development.voicefragment", "pk": 21, "fields": {"parent": 17, "language": 1, "audio": "7_nl.wav"}}, {"model": "service_development.voicefragment", "pk": 22, "fields": {"parent": 17, "language": 2, "audio": "7_en.wav"}}, {"model": "service_development.voicefragment", "pk": 23, "fields": {"parent": 17, "language": 3, "audio": "7_fr.wav"}}, {"model": "service_development.voicefragment", "pk": 24, "fields": {"parent": 16, "language": 1, "audio": "6_nl.wav"}}, {"model": "service_development.voicefragment", "pk": 25, "fields": {"parent": 16, "language": 2, "audio": "6_en.wav"}}, {"model": "service_development.voicefragment", "pk": 26, "fields": {"parent": 16, "language": 3, "audio": "6_fr.wav"}}, {"model": "service_development.voicefragment", "pk": 27, "fields": {"parent": 15, "language": 1, "audio": "5_nl.wav"}}, {"model": "service_development.voicefragment", "pk": 28, "fields": {"parent": 15, "language": 2, "audio": "5_en.wav"}}, {"model": "service_development.voicefragment", "pk": 29, "fields": {"parent": 15, "language": 3, "audio": "5_fr.wav"}}, {"model": "service_development.voicefragment", "pk": 30, "fields": {"parent": 14, "language": 1, "audio": "4_nl.wav"}}, {"model": "service_development.voicefragment", "pk": 31, "fields": {"parent": 14, "language": 2, "audio": "4_fr.wav"}}, {"model": "service_development.voicefragment", "pk": 32, "fields": {"parent": 14, "language": 3, "audio": "4_en.wav"}}, {"model": "service_development.voicefragment", "pk": 33, "fields": {"parent": 13, "language": 1, "audio": "3_nl.wav"}}, {"model": "service_development.voicefragment", "pk": 34, "fields": {"parent": 13, "language": 2, "audio": "3_en.wav"}}, {"model": "service_development.voicefragment", "pk": 35, "fields": {"parent": 13, "language": 3, "audio": "3_fr.wav"}}, {"model": "service_development.voicefragment", "pk": 36, "fields": {"parent": 12, "language": 1, "audio": "2_nl.wav"}}, {"model": "service_development.voicefragment", "pk": 37, "fields": {"parent": 12, "language": 2, "audio": "2_en.wav"}}, {"model": "service_development.voicefragment", "pk": 38, "fields": {"parent": 12, "language": 3, "audio": "2_fr.wav"}}, {"model": "service_development.voicefragment", "pk": 39, "fields": {"parent": 11, "language": 1, "audio": "1_nl.wav"}}, {"model": "service_development.voicefragment", "pk": 40, "fields": {"parent": 11, "language": 2, "audio": "1_en.wav"}}, {"model": "service_development.voicefragment", "pk": 41, "fields": {"parent": 11, "language": 3, "audio": "1_fr.wav"}}, {"model": "service_development.voicefragment", "pk": 42, "fields": {"parent": 10, "language": 1, "audio": "post_choice_option_nl.wav"}}, {"model": "service_development.voicefragment", "pk": 43, "fields": {"parent": 10, "language": 2, "audio": "post_choice_option_en.wav"}}, {"model": "service_development.voicefragment", "pk": 44, "fields": {"parent": 10, "language": 3, "audio": "post_choice_option_fr.wav"}}, {"model": "service_development.voicefragment", "pk": 45, "fields": {"parent": 9, "language": 1, "audio": "pre_choice_option_nl.wav"}}, {"model": "service_development.voicefragment", "pk": 46, "fields": {"parent": 9, "language": 2, "audio": "pre_choice_option_en.wav"}}, {"model": "service_development.voicefragment", "pk": 47, "fields": {"parent": 9, "language": 3, "audio": "pre_choice_option_fr.wav"}}, {"model": "service_development.voicefragment", "pk": 48, "fields": {"parent": 8, "language": 1, "audio": "select_language_nl.wav"}}, {"model": "service_development.voicefragment", "pk": 49, "fields": {"parent": 8, "language": 2, "audio": "select_language_en.wav"}}, {"model": "service_development.voicefragment", "pk": 50, "fields": {"parent": 8, "language": 3, "audio": "select_language_fr.wav"}}, {"model": "service_development.voicefragment", "pk": 51, "fields": {"parent": 7, "language": 1, "audio": "french_nl.wav"}}, {"model": "service_development.voicefragment", "pk": 52, "fields": {"parent": 7, "language": 2, "audio": "french_en.wav"}}, {"model": "service_development.voicefragment", "pk": 53, "fields": {"parent": 7, "language": 3, "audio": "french_fr.wav"}}, {"model": "service_development.voicefragment", "pk": 54, "fields": {"parent": 6, "language": 3, "audio": "boring_guy_fr.wav"}}, {"model": "service_development.voicefragment", "pk": 55, "fields": {"parent": 5, "language": 1, "audio": "thank_you_for_using_nl.wav"}}, {"model": "service_development.voicefragment", "pk": 56, "fields": {"parent": 5, "language": 2, "audio": "thank_you_for_using_en.wav"}}, {"model": "service_development.voicefragment", "pk": 57, "fields": {"parent": 5, "language": 3, "audio": "thank_you_for_using_fr.wav"}}, {"model": "service_development.voicefragment", "pk": 58, "fields": {"parent": 4, "language": 1, "audio": "english_nl.wav"}}, {"model": "service_development.voicefragment", "pk": 59, "fields": {"parent": 4, "language": 2, "audio": "english_en.wav"}}, {"model": "service_development.voicefragment", "pk": 60, "fields": {"parent": 4, "language": 3, "audio": "english_fr.wav"}}, {"model": "service_development.voicefragment", "pk": 61, "fields": {"parent": 3, "language": 1, "audio": "truth_nl.wav"}}, {"model": "service_development.voicefragment", "pk": 62, "fields": {"parent": 3, "language": 2, "audio": "truth_en.wav"}}, {"model": "service_development.voicefragment", "pk": 63, "fields": {"parent": 3, "language": 3, "audio": "truth_fr.wav"}}, {"model": "service_development.voicefragment", "pk": 64, "fields": {"parent": 2, "language": 1, "audio": "error_nl.wav"}}, {"model": "service_development.voicefragment", "pk": 65, "fields": {"parent": 2, "language": 2, "audio": "error_en.wav"}}, {"model": "service_development.voicefragment", "pk": 66, "fields": {"parent": 2, "language": 3, "audio": "error_fr.wav"}}, {"model": "service_development.voicefragment", "pk": 67, "fields": {"parent": 1, "language": 1, "audio": "dutch_nl.wav"}}, {"model": "service_development.voicefragment", "pk": 68, "fields": {"parent": 1, "language": 2, "audio": "dutch_en.wav"}}, {"model": "service_development.voicefragment", "pk": 69, "fields": {"parent": 1, "language": 3, "audio": "dutch_fr.wav"}}, {"model": "service_development.voicefragment", "pk": 70, "fields": {"parent": 23, "language": 1, "audio": "king_question_nl.wav"}}, {"model": "service_development.voicefragment", "pk": 71, "fields": {"parent": 23, "language": 2, "audio": "king_question_en.wav"}}, {"model": "service_development.voicefragment", "pk": 72, "fields": {"parent": 23, "language": 3, "audio": "king_question_fr.wav"}}, {"model": "service_development.voicefragment", "pk": 73, "fields": {"parent": 24, "language": 2, "audio": "t1_10_finalconfirm.wav"}}, {"model": "service_development.voicefragment", "pk": 74, "fields": {"parent": 25, "language": 2, "audio": "t1_11_finaldelete.wav"}}, {"model": "service_development.voicefragment", "pk": 75, "fields": {"parent": 26, "language": 2, "audio": "t1_9_confirm_message_prototype.wav"}}, {"model": "service_development.voicefragment", "pk": 76, "fields": {"parent": 27, "language": 2, "audio": "t1_8_record_message_prototype.wav"}}, {"model": "service_development.voicefragment", "pk": 77, "fields": {"parent": 28, "language": 2, "audio": "t1_7_record_name_prototype.wav"}}, {"model": "service_development.voicefragment", "pk": 78, "fields": {"parent": 29, "language": 2, "audio": "t1_2_alertmain.wav"}}, {"model": "service_development.voicefragment", "pk": 79, "fields": {"parent": 30, "language": 2, "audio": "t1_3_entertainmentmain.wav"}}, {"model": "service_development.voicefragment", "pk": 80, "fields": {"parent": 31, "language": 2, "audio": "t1_4_announcementmain.wav"}}, {"model": "service_development.voicefragment", "pk": 81, "fields": {"parent": 32, "language": 2, "audio": "t1_5_promotionalmain.wav"}}, {"model": "service_development.voicefragment", "pk": 82, "fields": {"parent": 33, "language": 2, "audio": "t1_6_othermain.wav"}}, {"model": "service_development.voicefragment", "pk": 83, "fields": {"parent": 34, "language": 2, "audio": "t1_1_opening_v2.wav"}}, {"model": "service_development.voicefragment", "pk": 84, "fields": {"parent": 35, "language": 2, "audio": "t2_8_nomessages.wav"}}, {"model": "service_development.voicefragment", "pk": 85, "fields": {"parent": 36, "language": 2, "audio": "t2_4_broadcastmark.wav"}}, {"model": "service_development.voicefragment", "pk": 86, "fields": {"parent": 37, "language": 2, "audio": "t2_5_deletemark.wav"}}, {"model": "service_development.voicefragment", "pk": 87, "fields": {"parent": 38, "language": 2, "audio": "t2_6_continue.wav"}}, {"model": "service_development.voicefragment", "pk": 88, "fields": {"parent": 39, "language": 2, "audio": "t2_3_testmessage.wav"}}, {"model": "service_development.voicefragment", "pk": 89, "fields": {"parent": 40, "language": 2, "audio": "t2_9_alertoverview.wav"}}, {"model": "service_development.voicefragment", "pk": 90, "fields": {"parent": 41, "language": 2, "audio": "t2_2_v2_editoverview.wav"}}, {"model": "service_development.voicefragment", "pk": 91, "fields": {"parent": 42, "language": 2, "audio": "t2_7_broadcasting.wav"}}, {"model": "service_development.voicefragment", "pk": 92, "fields": {"parent": 43, "language": 2, "audio": "t2_1_opening.wav"}}, {"model": "service_development.voicefragment", "pk": 93, "fields": {"parent": 44, "language": 2, "audio": "t2_10_exit.wav"}}, {"model": "service_development.voicefragment", "pk": 94, "fields": {"parent": 45, "language": 2, "audio": "t3_open.wav"}}, {"model": "service_development.voicefragment", "pk": 95, "fields": {"parent": 46, "language": 2, "audio": "t3_press_one.wav"}}, {"model": "service_development.voicefragment", "pk": 96, "fields": {"parent": 47, "language": 2, "audio": "t3_press_two.wav"}}, {"model": "service_development.voicefragment", "pk": 97, "fields": {"parent": 48, "language": 2, "audio": "v2_t1_opening.wav"}}, {"model": "service_development.voicefragment", "pk": 98, "fields": {"parent": 49, "language": 2, "audio": "v2_t1_alertopt.wav"}}, {"model": "service_development.voicefragment", "pk": 99, "fields": {"parent": 50, "language": 2, "audio": "v2_t1_announcementopt.wav"}}, {"model": "service_development.voicefragment", "pk": 100, "fields": {"parent": 51, "language": 2, "audio": "v2_t1_entertainopt.wav"}}, {"model": "service_development.voicefragment", "pk": 101, "fields": {"parent": 52, "language": 2, "audio": "v2_t1_promotionalopt.wav"}}, {"model": "service_development.voicefragment", "pk": 102, "fields": {"parent": 53, "language": 2, "audio": "v2_t1_otheropt.wav"}}, {"model": "service_development.voicefragment", "pk": 103, "fields": {"parent": 54, "language": 2, "audio": "v2_t1_leavename.wav"}}, {"model": "service_development.voicefragment", "pk": 104, "fields": {"parent": 55, "language": 2, "audio": "v2_t1_leavemessage.wav"}}, {"model": "service_development.voicefragment", "pk": 105, "fields": {"parent": 56, "language": 2, "audio": "v2_t1_confirmprompt.wav"}}, {"model": "service_development.voicefragment", "pk": 106, "fields": {"parent": 57, "language": 2, "audio": "v2_t1_confirmed.wav"}}, {"model": "service_development.voicefragment", "pk": 107, "fields": {"parent": 58, "language": 2, "audio": "v2_t1_cancelled.wav"}}, {"model": "service_development.voicefragment", "pk": 108, "fields": {"parent": 59, "language": 2, "audio": "v2_t1_confirmedend.wav"}}, {"model": "service_development.voicefragment", "pk": 109, "fields": {"parent": 60, "language": 2, "audio": "v2_t1_cancelledend.wav"}}, {"model": "service_development.voicefragment", "pk": 110, "fields": {"parent": 61, "language": 2, "audio": "v2_t1_alertmenu.wav"}}, {"model": "service_development.voicefragment", "pk": 111, "fields": {"parent": 62, "language": 2, "audio": "v2_t1_subalert_health.wav"}}, {"model": "service_development.voicefragment", "pk": 112, "fields": {"parent": 63, "language": 2, "audio": "v2_t1_subalert_weather.wav"}}, {"model": "service_development.voicefragment", "pk": 113, "fields": {"parent": 64, "language": 2, "audio": "v2_t1_subalert_crime.wav"}}, {"model": "service_development.voicefragment", "pk": 114, "fields": {"parent": 65, "language": 2, "audio": "v2_t1_subalert_military.wav"}}, {"model": "service_development.voicefragment", "pk": 115, "fields": {"parent": 66, "language": 2, "audio": "v2_t1_entertainmenu.wav"}}, {"model": "service_development.voicefragment", "pk": 116, "fields": {"parent": 67, "language": 2, "audio": "v2_t1_subentertain_story.wav"}}, {"model": "service_development.voicefragment", "pk": 117, "fields": {"parent": 68, "language": 2, "audio": "v2_t1_subentertain_joke.wav"}}, {"model": "service_development.voicefragment", "pk": 118, "fields": {"parent": 69, "language": 2, "audio": "v2_t1_announcemenu.wav"}}, {"model": "service_development.voicefragment", "pk": 119, "fields": {"parent": 70, "language": 2, "audio": "v2_t1_subannounce_party.wav"}}, {"model": "service_development.voicefragment", "pk": 120, "fields": {"parent": 71, "language": 2, "audio": "v2_t1_subannounce_funeral.wav"}}, {"model": "service_development.voicefragment", "pk": 121, "fields": {"parent": 72, "language": 2, "audio": "v2_t1_subannounce_wedding.wav"}}, {"model": "service_development.voicefragment", "pk": 122, "fields": {"parent": 73, "language": 2, "audio": "v2_t1_subannounce_other.wav"}}, {"model": "service_development.voicefragment", "pk": 123, "fields": {"parent": 74, "language": 2, "audio": "v2_t1_promomenu.wav"}}, {"model": "service_development.voicefragment", "pk": 124, "fields": {"parent": 75, "language": 2, "audio": "v2_t1_subpromo_selling.wav"}}, {"model": "service_development.voicefragment", "pk": 125, "fields": {"parent": 76, "language": 2, "audio": "v2_t1_subpromo_buying.wav"}}, {"model": "service_development.voicefragment", "pk": 126, "fields": {"parent": 77, "language": 2, "audio": "v2_t1_subpromo_discounts.wav"}}, {"model": "service_development.voicefragment", "pk": 127, "fields": {"parent": 78, "language": 2, "audio": "v2_t1_subpromo_jobs.wav"}}, {"model": "service_development.voicefragment", "pk": 128, "fields": {"parent": 79, "language": 2, "audio": "v2_t1_othermenu.wav"}}, {"model": "service_development.voicefragment", "pk": 129, "fields": {"parent": 80, "language": 2, "audio": "v2_t2_mainmenu.wav"}}, {"model": "service_development.voicefragment", "pk": 130, "fields": {"parent": 81, "language": 2, "audio": "v2_t2_mainmenuopt_editing.wav"}}, {"model": "service_development.voicefragment", "pk": 131, "fields": {"parent": 82, "language": 2, "audio": "v2_t2_mainmenuopt_broadcast.wav"}}, {"model": "service_development.voicefragment", "pk": 132, "fields": {"parent": 83, "language": 2, "audio": "v2_t2_editmenu.wav"}}, {"model": "service_development.voicefragment", "pk": 133, "fields": {"parent": 84, "language": 2, "audio": "v2_t2_editmenuopt_all.wav"}}, {"model": "service_development.voicefragment", "pk": 134, "fields": {"parent": 85, "language": 2, "audio": "v2_t2_editmenuopt_alert.wav"}}, {"model": "service_development.voicefragment", "pk": 135, "fields": {"parent": 86, "language": 2, "audio": "v2_t2_editalertmenu.wav"}}, {"model": "service_development.voicefragment", "pk": 136, "fields": {"parent": 87, "language": 2, "audio": "v2_t2_editalertmenuopt_alert.wav"}}, {"model": "service_development.voicefragment", "pk": 137, "fields": {"parent": 88, "language": 2, "audio": "v2_t2_testedit.wav"}}, {"model": "service_development.voicefragment", "pk": 138, "fields": {"parent": 89, "language": 2, "audio": "v2_t2_testedit_broadcast.wav"}}, {"model": "service_development.voicefragment", "pk": 139, "fields": {"parent": 90, "language": 2, "audio": "v2_t2_testedit_delete.wav"}}, {"model": "service_development.voicefragment", "pk": 140, "fields": {"parent": 91, "language": 2, "audio": "v2_t2_testedit_continue.wav"}}, {"model": "service_development.voicefragment", "pk": 141, "fields": {"parent": 92, "language": 2, "audio": "v2_t2_testbroadcast.wav"}}, {"model": "service_development.voicefragment", "pk": 142, "fields": {"parent": 93, "language": 2, "audio": "v2_t2_nomessages.wav"}}, {"model": "service_development.voicefragment", "pk": 143, "fields": {"parent": 94, "language": 2, "audio": "v2_t2_nomessagesopt_menu.wav"}}, {"model": "service_development.voicefragment", "pk": 144, "fields": {"parent": 95, "language": 2, "audio": "v2_t2_nomessagesopt_exit.wav"}}, {"model": "service_development.voicefragment", "pk": 145, "fields": {"parent": 96, "language": 2, "audio": "v2_t2_endingcall.wav"}}, {"model": "service_development.voiceservicesubelement", "pk": 2, "fields": {"service": 1, "creation_date": "2017-04-23T19:30:23.792Z", "modification_date": "2017-04-23T23:13:42.317Z", "name": "Does the king like to drink beer?", "description": "", "voice_label": 23}}, {"model": "service_development.voiceservicesubelement", "pk": 3, "fields": {"service": 1, "creation_date": "2017-04-23T19:32:07.853Z", "modification_date": "2017-04-23T22:51:29.350Z", "name": "Yes", "description": "King <3's BEER", "voice_label": 21}}, {"model": "service_development.voiceservicesubelement", "pk": 4, "fields": {"service": 1, "creation_date": "2017-04-23T19:32:07.854Z", "modification_date": "2017-04-23T22:51:29.352Z", "name": "No", "description": "", "voice_label": 22}}, {"model": "service_development.voiceservicesubelement", "pk": 5, "fields": {"service": 1, "creation_date": "2017-04-23T19:49:50.055Z", "modification_date": "2017-04-23T21:17:07.984Z", "name": "This is the truth", "description": "", "voice_label": 3}}, {"model": "service_development.voiceservicesubelement", "pk": 6, "fields": {"service": 1, "creation_date": "2017-04-23T21:11:06.805Z", "modification_date": "2017-04-23T21:33:29.853Z", "name": "Thank you for using this service", "description": "", "voice_label": 5}}, {"model": "service_development.voiceservicesubelement", "pk": 7, "fields": {"service": 1, "creation_date": "2017-04-23T21:36:55.756Z", "modification_date": "2017-04-23T21:36:55.756Z", "name": "King is boring", "description": "", "voice_label": 6}}, {"model": "service_development.voiceservicesubelement", "pk": 8, "fields": {"service": 2, "creation_date": "2017-05-06T17:50:07.817Z", "modification_date": "2017-05-06T17:50:07.817Z", "name": "Task1ConfirmMessage", "description": "confirmed message", "voice_label": 24}}, {"model": "service_development.voiceservicesubelement", "pk": 9, "fields": {"service": 2, "creation_date": "2017-05-06T17:50:55.085Z", "modification_date": "2017-05-06T17:50:55.085Z", "name": "Task1DeleteMessage", "description": "deleted message", "voice_label": 25}}, {"model": "service_development.voiceservicesubelement", "pk": 10, "fields": {"service": 2, "creation_date": "2017-05-06T17:52:13.941Z", "modification_date": "2017-05-06T17:52:13.941Z", "name": "Task1AskConfirmation", "description": "ask to confirm message", "voice_label": 26}}, {"model": "service_development.voiceservicesubelement", "pk": 11, "fields": {"service": 2, "creation_date": "2017-05-06T17:52:13.945Z", "modification_date": "2017-05-06T17:52:13.945Z", "name": "confirmed", "description": "confirmed message", "voice_label": 11}}, {"model": "service_development.voiceservicesubelement", "pk": 12, "fields": {"service": 2, "creation_date": "2017-05-06T17:52:13.946Z", "modification_date": "2017-05-06T17:52:13.946Z", "name": "deleted", "description": "deleted message", "voice_label": 12}}, {"model": "service_development.voiceservicesubelement", "pk": 13, "fields": {"service": 2, "creation_date": "2017-05-06T17:52:48.970Z", "modification_date": "2017-05-06T17:52:48.970Z", "name": "Task1RecordMessage", "description": "Prompt recording of message", "voice_label": 27}}, {"model": "service_development.voiceservicesubelement", "pk": 14, "fields": {"service": 2, "creation_date": "2017-05-06T17:53:25.202Z", "modification_date": "2017-05-06T17:53:25.202Z", "name": "Task1RecordName", "description": "prompt to record name", "voice_label": 28}}, {"model": "service_development.voiceservicesubelement", "pk": 15, "fields": {"service": 2, "creation_date": "2017-05-06T17:56:04.166Z", "modification_date": "2017-05-06T17:56:04.166Z", "name": "Task1AlertSubcat", "description": "ask for a subcategory", "voice_label": 29}}, {"model": "service_development.voiceservicesubelement", "pk": 16, "fields": {"service": 2, "creation_date": "2017-05-06T17:56:04.171Z", "modification_date": "2017-05-06T17:56:04.171Z", "name": "health", "description": "confirmed health", "voice_label": 11}}, {"model": "service_development.voiceservicesubelement", "pk": 17, "fields": {"service": 2, "creation_date": "2017-05-06T17:56:04.172Z", "modification_date": "2017-05-06T17:56:04.172Z", "name": "weather", "description": "confirmed nature", "voice_label": 12}}, {"model": "service_development.voiceservicesubelement", "pk": 18, "fields": {"service": 2, "creation_date": "2017-05-06T17:56:04.173Z", "modification_date": "2017-05-06T17:56:04.173Z", "name": "crime", "description": "confirmed crime", "voice_label": 13}}, {"model": "service_development.voiceservicesubelement", "pk": 19, "fields": {"service": 2, "creation_date": "2017-05-06T17:56:04.174Z", "modification_date": "2017-05-06T17:56:04.174Z", "name": "military", "description": "confirmed military", "voice_label": 14}}, {"model": "service_development.voiceservicesubelement", "pk": 20, "fields": {"service": 2, "creation_date": "2017-05-06T17:57:28.221Z", "modification_date": "2017-05-06T17:57:28.221Z", "name": "Task1EntertainSubcat", "description": "ask for subcategory entertain", "voice_label": 30}}, {"model": "service_development.voiceservicesubelement", "pk": 21, "fields": {"service": 2, "creation_date": "2017-05-06T17:57:28.226Z", "modification_date": "2017-05-06T17:57:28.226Z", "name": "story", "description": "confirmed story", "voice_label": 11}}, {"model": "service_development.voiceservicesubelement", "pk": 22, "fields": {"service": 2, "creation_date": "2017-05-06T17:57:28.227Z", "modification_date": "2017-05-06T17:57:28.227Z", "name": "joke", "description": "confirmed joke", "voice_label": 12}}, {"model": "service_development.voiceservicesubelement", "pk": 23, "fields": {"service": 2, "creation_date": "2017-05-06T17:59:50.792Z", "modification_date": "2017-05-06T17:59:50.792Z", "name": "Task1AnnouncementSubcat", "description": "prompt for announcement", "voice_label": 31}}, {"model": "service_development.voiceservicesubelement", "pk": 24, "fields": {"service": 2, "creation_date": "2017-05-06T17:59:50.796Z", "modification_date": "2017-05-06T17:59:50.796Z", "name": "party", "description": "confirmed party", "voice_label": 11}}, {"model": "service_development.voiceservicesubelement", "pk": 25, "fields": {"service": 2, "creation_date": "2017-05-06T17:59:50.797Z", "modification_date": "2017-05-06T17:59:50.797Z", "name": "funeral", "description": "confirmed funeral", "voice_label": 12}}, {"model": "service_development.voiceservicesubelement", "pk": 26, "fields": {"service": 2, "creation_date": "2017-05-06T17:59:50.798Z", "modification_date": "2017-05-06T17:59:50.798Z", "name": "wedding", "description": "confirmed wedding", "voice_label": 13}}, {"model": "service_development.voiceservicesubelement", "pk": 27, "fields": {"service": 2, "creation_date": "2017-05-06T17:59:50.799Z", "modification_date": "2017-05-06T17:59:50.799Z", "name": "others", "description": "confirmed other events", "voice_label": 14}}, {"model": "service_development.voiceservicesubelement", "pk": 28, "fields": {"service": 2, "creation_date": "2017-05-06T18:01:50.742Z", "modification_date": "2017-05-06T18:01:50.742Z", "name": "Task1PromotionalSubcat", "description": "subcategories for promotionals", "voice_label": 32}}, {"model": "service_development.voiceservicesubelement", "pk": 29, "fields": {"service": 2, "creation_date": "2017-05-06T18:01:50.746Z", "modification_date": "2017-05-06T18:01:50.746Z", "name": "selling", "description": "confirmed selling", "voice_label": 11}}, {"model": "service_development.voiceservicesubelement", "pk": 30, "fields": {"service": 2, "creation_date": "2017-05-06T18:01:50.747Z", "modification_date": "2017-05-06T18:01:50.747Z", "name": "buying", "description": "confirmed buying", "voice_label": 12}}, {"model": "service_development.voiceservicesubelement", "pk": 31, "fields": {"service": 2, "creation_date": "2017-05-06T18:01:50.748Z", "modification_date": "2017-05-06T18:01:50.748Z", "name": "discounts", "description": "confirmed discounts", "voice_label": 13}}, {"model": "service_development.voiceservicesubelement", "pk": 32, "fields": {"service": 2, "creation_date": "2017-05-06T18:01:50.749Z", "modification_date": "2017-05-06T18:01:50.749Z", "name": "jobsposting", "description": "confirmed jobs", "voice_label": 14}}, {"model": "service_development.voiceservicesubelement", "pk": 33, "fields": {"service": 2, "creation_date": "2017-05-06T18:02:32.726Z", "modification_date": "2017-05-06T18:02:32.726Z", "name": "Task1OthersSub", "description": "Redirect to other categories", "voice_label": 33}}, {"model": "service_development.voiceservicesubelement", "pk": 34, "fields": {"service": 2, "creation_date": "2017-05-06T18:04:56.245Z", "modification_date": "2017-05-06T18:04:56.245Z", "name": "Task1MainCat", "description": "ask main category", "voice_label": 34}}, {"model": "service_development.voiceservicesubelement", "pk": 35, "fields": {"service": 2, "creation_date": "2017-05-06T18:04:56.249Z", "modification_date": "2017-05-06T18:04:56.249Z", "name": "alert", "description": "confirm alert", "voice_label": 11}}, {"model": "service_development.voiceservicesubelement", "pk": 36, "fields": {"service": 2, "creation_date": "2017-05-06T18:04:56.250Z", "modification_date": "2017-05-06T18:04:56.250Z", "name": "entertain", "description": "confirm entertain", "voice_label": 12}}, {"model": "service_development.voiceservicesubelement", "pk": 37, "fields": {"service": 2, "creation_date": "2017-05-06T18:04:56.251Z", "modification_date": "2017-05-06T18:04:56.251Z", "name": "announcement", "description": "confirm announcement", "voice_label": 13}}, {"model": "service_development.voiceservicesubelement", "pk": 38, "fields": {"service": 2, "creation_date": "2017-05-06T18:04:56.252Z", "modification_date": "2017-05-06T18:04:56.252Z", "name": "promotional", "description": "confirm promotional", "voice_label": 14}}, {"model": "service_development.voiceservicesubelement", "pk": 39, "fields": {"service": 2, "creation_date": "2017-05-06T18:04:56.253Z", "modification_date": "2017-05-06T18:04:56.253Z", "name": "others", "description": "confirm others", "voice_label": 15}}, {"model": "service_development.voiceservicesubelement", "pk": 40, "fields": {"service": 3, "creation_date": "2017-05-06T18:50:23.936Z", "modification_date": "2017-05-06T18:50:23.936Z", "name": "Task2ExitApp", "description": "exiting app", "voice_label": 44}}, {"model": "service_development.voiceservicesubelement", "pk": 41, "fields": {"service": 3, "creation_date": "2017-05-06T18:52:43.756Z", "modification_date": "2017-05-06T19:09:04.262Z", "name": "Task2MainMenuOp", "description": "main menu", "voice_label": 43}}, {"model": "service_development.voiceservicesubelement", "pk": 42, "fields": {"service": 3, "creation_date": "2017-05-06T18:54:02.240Z", "modification_date": "2017-05-06T19:09:54.523Z", "name": "Task2AskExit", "description": "no messages left exit or menu", "voice_label": 35}}, {"model": "service_development.voiceservicesubelement", "pk": 43, "fields": {"service": 3, "creation_date": "2017-05-06T18:54:02.244Z", "modification_date": "2017-05-06T19:09:54.527Z", "name": "menu", "description": "back to main", "voice_label": 11}}, {"model": "service_development.voiceservicesubelement", "pk": 44, "fields": {"service": 3, "creation_date": "2017-05-06T18:55:07.518Z", "modification_date": "2017-05-06T18:55:07.518Z", "name": "Task2BroadcastMark", "description": "marked for broadcast", "voice_label": 36}}, {"model": "service_development.voiceservicesubelement", "pk": 45, "fields": {"service": 3, "creation_date": "2017-05-06T18:56:10.927Z", "modification_date": "2017-05-06T18:56:10.927Z", "name": "Task2DeleteMark", "description": "marked for delete", "voice_label": 37}}, {"model": "service_development.voiceservicesubelement", "pk": 46, "fields": {"service": 3, "creation_date": "2017-05-06T18:56:37.973Z", "modification_date": "2017-05-06T18:56:37.973Z", "name": "Task2NoMark", "description": "no marking", "voice_label": 38}}, {"model": "service_development.voiceservicesubelement", "pk": 47, "fields": {"service": 3, "creation_date": "2017-05-06T18:59:27.432Z", "modification_date": "2017-05-06T18:59:27.432Z", "name": "Task2TestMessages", "description": "test message edit", "voice_label": 39}}, {"model": "service_development.voiceservicesubelement", "pk": 48, "fields": {"service": 3, "creation_date": "2017-05-06T18:59:27.436Z", "modification_date": "2017-05-06T18:59:27.437Z", "name": "broadcast", "description": "mark for broadcast", "voice_label": 11}}, {"model": "service_development.voiceservicesubelement", "pk": 49, "fields": {"service": 3, "creation_date": "2017-05-06T18:59:27.438Z", "modification_date": "2017-05-06T18:59:27.438Z", "name": "delete", "description": "mark for delete", "voice_label": 12}}, {"model": "service_development.voiceservicesubelement", "pk": 50, "fields": {"service": 3, "creation_date": "2017-05-06T18:59:27.439Z", "modification_date": "2017-05-06T18:59:27.439Z", "name": "nomark", "description": "continueing", "voice_label": 13}}, {"model": "service_development.voiceservicesubelement", "pk": 51, "fields": {"service": 3, "creation_date": "2017-05-06T19:02:54.740Z", "modification_date": "2017-05-06T19:02:54.740Z", "name": "Task2Alertoverview", "description": "alerts overview", "voice_label": 40}}, {"model": "service_development.voiceservicesubelement", "pk": 52, "fields": {"service": 3, "creation_date": "2017-05-06T19:02:54.744Z", "modification_date": "2017-05-06T19:02:54.744Z", "name": "health", "description": "confirm health message", "voice_label": 11}}, {"model": "service_development.voiceservicesubelement", "pk": 53, "fields": {"service": 3, "creation_date": "2017-05-06T19:05:02.991Z", "modification_date": "2017-05-06T19:05:02.991Z", "name": "Task2EditOverview", "description": "overview of edit options", "voice_label": 41}}, {"model": "service_development.voiceservicesubelement", "pk": 54, "fields": {"service": 3, "creation_date": "2017-05-06T19:05:02.996Z", "modification_date": "2017-05-06T19:05:02.996Z", "name": "allmessages", "description": "play all messages", "voice_label": 11}}, {"model": "service_development.voiceservicesubelement", "pk": 55, "fields": {"service": 3, "creation_date": "2017-05-06T19:05:02.997Z", "modification_date": "2017-05-06T19:05:02.997Z", "name": "alertmessages", "description": "play all alerts", "voice_label": 12}}, {"model": "service_development.voiceservicesubelement", "pk": 56, "fields": {"service": 3, "creation_date": "2017-05-06T19:07:11.713Z", "modification_date": "2017-05-06T19:07:11.713Z", "name": "Task2FakeBroadcast", "description": "fake a broadcast", "voice_label": 42}}, {"model": "service_development.voiceservicesubelement", "pk": 57, "fields": {"service": 3, "creation_date": "2017-05-06T19:09:04.267Z", "modification_date": "2017-05-06T19:09:04.267Z", "name": "editing", "description": "go editing", "voice_label": 11}}, {"model": "service_development.voiceservicesubelement", "pk": 58, "fields": {"service": 3, "creation_date": "2017-05-06T19:09:04.268Z", "modification_date": "2017-05-06T19:09:04.268Z", "name": "broadcasting", "description": "go broadcast", "voice_label": 12}}, {"model": "service_development.voiceservicesubelement", "pk": 59, "fields": {"service": 3, "creation_date": "2017-05-06T19:09:54.529Z", "modification_date": "2017-05-06T19:09:54.529Z", "name": "exit", "description": "exit app", "voice_label": 12}}, {"model": "service_development.voiceservicesubelement", "pk": 60, "fields": {"service": 4, "creation_date": "2017-05-10T20:08:17.323Z", "modification_date": "2017-05-10T20:08:17.323Z", "name": "TestVoiceOneChoice", "description": "chose one", "voice_label": 46}}, {"model": "service_development.voiceservicesubelement", "pk": 61, "fields": {"service": 4, "creation_date": "2017-05-10T20:08:51.614Z", "modification_date": "2017-05-10T20:08:51.614Z", "name": "TestVoiceTwoChoice", "description": "chose two", "voice_label": 47}}, {"model": "service_development.voiceservicesubelement", "pk": 62, "fields": {"service": 4, "creation_date": "2017-05-10T20:10:19.540Z", "modification_date": "2017-05-10T20:10:19.540Z", "name": "TestVoiceOpen", "description": "test voice open", "voice_label": 45}}, {"model": "service_development.voiceservicesubelement", "pk": 63, "fields": {"service": 4, "creation_date": "2017-05-10T20:10:19.544Z", "modification_date": "2017-05-10T20:10:19.544Z", "name": "onechoice", "description": "one choice", "voice_label": 11}}, {"model": "service_development.voiceservicesubelement", "pk": 64, "fields": {"service": 4, "creation_date": "2017-05-10T20:10:19.546Z", "modification_date": "2017-05-10T20:10:19.546Z", "name": "twochoice", "description": "two choice", "voice_label": 12}}, {"model": "service_development.voiceservicesubelement", "pk": 65, "fields": {"service": 5, "creation_date": "2017-05-16T07:26:20.880Z", "modification_date": "2017-05-16T07:26:20.880Z", "name": "ratoneconfirmend", "description": "ending confirmed", "voice_label": 59}}, {"model": "service_development.voiceservicesubelement", "pk": 66, "fields": {"service": 5, "creation_date": "2017-05-16T07:26:55.737Z", "modification_date": "2017-05-16T07:26:55.737Z", "name": "ratonecancelend", "description": "ending of cancel", "voice_label": 60}}, {"model": "service_development.voiceservicesubelement", "pk": 67, "fields": {"service": 5, "creation_date": "2017-05-16T07:29:05.454Z", "modification_date": "2017-05-16T07:29:05.454Z", "name": "ratonepromptconfirm", "description": "prompt confirm", "voice_label": 56}}, {"model": "service_development.voiceservicesubelement", "pk": 68, "fields": {"service": 5, "creation_date": "2017-05-16T07:29:05.458Z", "modification_date": "2017-05-16T07:29:05.458Z", "name": "confirm", "description": "confirm message", "voice_label": 57}}, {"model": "service_development.voiceservicesubelement", "pk": 69, "fields": {"service": 5, "creation_date": "2017-05-16T07:29:05.503Z", "modification_date": "2017-05-16T07:29:05.503Z", "name": "cancel", "description": "cancel message", "voice_label": 58}}, {"model": "service_development.voiceservicesubelement", "pk": 70, "fields": {"service": 5, "creation_date": "2017-05-16T07:32:01.510Z", "modification_date": "2017-05-16T07:32:01.510Z", "name": "ratoneleavemes", "description": "leave mes", "voice_label": 55}}, {"model": "service_development.voiceservicesubelement", "pk": 71, "fields": {"service": 5, "creation_date": "2017-05-16T07:32:47.994Z", "modification_date": "2017-05-16T07:32:47.994Z", "name": "ratoneleavename", "description": "leave name", "voice_label": 54}}, {"model": "service_development.voiceservicesubelement", "pk": 72, "fields": {"service": 5, "creation_date": "2017-05-16T07:36:50.730Z", "modification_date": "2017-05-22T09:15:30.400Z", "name": "ratoneopen", "description": "opening", "voice_label": 48}}, {"model": "service_development.voiceservicesubelement", "pk": 73, "fields": {"service": 5, "creation_date": "2017-05-16T07:36:50.734Z", "modification_date": "2017-05-22T09:15:30.404Z", "name": "alert", "description": "leave alert", "voice_label": 49}}, {"model": "service_development.voiceservicesubelement", "pk": 74, "fields": {"service": 5, "creation_date": "2017-05-16T07:36:50.736Z", "modification_date": "2017-05-22T09:15:30.406Z", "name": "entertainment", "description": "leave entertain", "voice_label": 51}}, {"model": "service_development.voiceservicesubelement", "pk": 75, "fields": {"service": 5, "creation_date": "2017-05-16T07:36:50.737Z", "modification_date": "2017-05-22T09:15:30.407Z", "name": "announcement", "description": "leave announcement", "voice_label": 50}}, {"model": "service_development.voiceservicesubelement", "pk": 76, "fields": {"service": 5, "creation_date": "2017-05-16T07:36:50.738Z", "modification_date": "2017-05-22T09:15:30.408Z", "name": "promotion", "description": "leave promotion", "voice_label": 52}}, {"model": "service_development.voiceservicesubelement", "pk": 77, "fields": {"service": 5, "creation_date": "2017-05-16T07:36:50.739Z", "modification_date": "2017-05-22T09:15:30.409Z", "name": "other", "description": "leave other", "voice_label": 53}}, {"model": "service_development.voiceservicesubelement", "pk": 78, "fields": {"service": 5, "creation_date": "2017-05-22T09:00:35.300Z", "modification_date": "2017-05-22T09:00:35.300Z", "name": "ratonealertmenu", "description": "alert menus", "voice_label": 61}}, {"model": "service_development.voiceservicesubelement", "pk": 79, "fields": {"service": 5, "creation_date": "2017-05-22T09:00:35.349Z", "modification_date": "2017-05-22T09:00:35.349Z", "name": "health", "description": "health option", "voice_label": 62}}, {"model": "service_development.voiceservicesubelement", "pk": 80, "fields": {"service": 5, "creation_date": "2017-05-22T09:00:35.350Z", "modification_date": "2017-05-22T09:00:35.350Z", "name": "weather", "description": "weather option", "voice_label": 63}}, {"model": "service_development.voiceservicesubelement", "pk": 81, "fields": {"service": 5, "creation_date": "2017-05-22T09:00:35.351Z", "modification_date": "2017-05-22T09:00:35.351Z", "name": "crime", "description": "crime option", "voice_label": 64}}, {"model": "service_development.voiceservicesubelement", "pk": 82, "fields": {"service": 5, "creation_date": "2017-05-22T09:00:35.352Z", "modification_date": "2017-05-22T09:00:35.352Z", "name": "military", "description": "military option", "voice_label": 65}}, {"model": "service_development.voiceservicesubelement", "pk": 83, "fields": {"service": 5, "creation_date": "2017-05-22T09:02:51.571Z", "modification_date": "2017-05-22T09:02:51.571Z", "name": "ratoneentertainmenu", "description": "entertainment menus", "voice_label": 66}}, {"model": "service_development.voiceservicesubelement", "pk": 84, "fields": {"service": 5, "creation_date": "2017-05-22T09:02:51.576Z", "modification_date": "2017-05-22T09:02:51.576Z", "name": "story", "description": "story option", "voice_label": 67}}, {"model": "service_development.voiceservicesubelement", "pk": 85, "fields": {"service": 5, "creation_date": "2017-05-22T09:02:51.577Z", "modification_date": "2017-05-22T09:02:51.577Z", "name": "joke", "description": "joke option", "voice_label": 68}}, {"model": "service_development.voiceservicesubelement", "pk": 86, "fields": {"service": 5, "creation_date": "2017-05-22T09:06:25.595Z", "modification_date": "2017-05-22T09:06:25.595Z", "name": "ratoneannouncemenu", "description": "announcement menu", "voice_label": 69}}, {"model": "service_development.voiceservicesubelement", "pk": 87, "fields": {"service": 5, "creation_date": "2017-05-22T09:06:25.599Z", "modification_date": "2017-05-22T09:06:25.600Z", "name": "party", "description": "party option", "voice_label": 70}}, {"model": "service_development.voiceservicesubelement", "pk": 88, "fields": {"service": 5, "creation_date": "2017-05-22T09:06:25.601Z", "modification_date": "2017-05-22T09:06:25.601Z", "name": "funeral", "description": "funeral option", "voice_label": 71}}, {"model": "service_development.voiceservicesubelement", "pk": 89, "fields": {"service": 5, "creation_date": "2017-05-22T09:06:25.602Z", "modification_date": "2017-05-22T09:06:25.602Z", "name": "weddings", "description": "weddings option", "voice_label": 72}}, {"model": "service_development.voiceservicesubelement", "pk": 90, "fields": {"service": 5, "creation_date": "2017-05-22T09:06:25.603Z", "modification_date": "2017-05-22T09:06:25.603Z", "name": "others", "description": "others option", "voice_label": 73}}, {"model": "service_development.voiceservicesubelement", "pk": 91, "fields": {"service": 5, "creation_date": "2017-05-22T09:08:59.235Z", "modification_date": "2017-05-22T09:10:00.749Z", "name": "ratonepromomenu", "description": "promotion menu", "voice_label": 74}}, {"model": "service_development.voiceservicesubelement", "pk": 92, "fields": {"service": 5, "creation_date": "2017-05-22T09:08:59.239Z", "modification_date": "2017-05-22T09:08:59.239Z", "name": "selling", "description": "selling option", "voice_label": 75}}, {"model": "service_development.voiceservicesubelement", "pk": 93, "fields": {"service": 5, "creation_date": "2017-05-22T09:08:59.240Z", "modification_date": "2017-05-22T09:08:59.240Z", "name": "buying", "description": "buying option", "voice_label": 76}}, {"model": "service_development.voiceservicesubelement", "pk": 94, "fields": {"service": 5, "creation_date": "2017-05-22T09:08:59.241Z", "modification_date": "2017-05-22T09:08:59.241Z", "name": "discounts", "description": "discounts option", "voice_label": 77}}, {"model": "service_development.voiceservicesubelement", "pk": 95, "fields": {"service": 5, "creation_date": "2017-05-22T09:10:00.754Z", "modification_date": "2017-05-22T09:10:00.754Z", "name": "jobs", "description": "jobs option", "voice_label": 78}}, {"model": "service_development.voiceservicesubelement", "pk": 96, "fields": {"service": 5, "creation_date": "2017-05-22T09:14:07.470Z", "modification_date": "2017-05-22T09:14:07.470Z", "name": "ratoneothermenu", "description": "other category menu", "voice_label": 79}}, {"model": "service_development.voiceservicesubelement", "pk": 114, "fields": {"service": 7, "creation_date": "2017-05-22T10:16:02.227Z", "modification_date": "2017-05-22T10:16:02.227Z", "name": "ratwoendingcall", "description": "endingcall", "voice_label": 96}}, {"model": "service_development.voiceservicesubelement", "pk": 115, "fields": {"service": 7, "creation_date": "2017-05-22T10:17:52.460Z", "modification_date": "2017-05-22T10:17:52.460Z", "name": "ratwonomessages", "description": "nomessages", "voice_label": 93}}, {"model": "service_development.voiceservicesubelement", "pk": 116, "fields": {"service": 7, "creation_date": "2017-05-22T10:17:52.465Z", "modification_date": "2017-05-22T10:17:52.465Z", "name": "quitapp", "description": "quit app", "voice_label": 95}}, {"model": "service_development.voiceservicesubelement", "pk": 117, "fields": {"service": 7, "creation_date": "2017-05-22T10:20:16.058Z", "modification_date": "2017-05-22T10:20:16.058Z", "name": "ratwotesteditmessage", "description": "test edit message", "voice_label": 88}}, {"model": "service_development.voiceservicesubelement", "pk": 118, "fields": {"service": 7, "creation_date": "2017-05-22T10:20:16.062Z", "modification_date": "2017-05-22T10:20:16.062Z", "name": "markbroad", "description": "mark broadcast", "voice_label": 89}}, {"model": "service_development.voiceservicesubelement", "pk": 119, "fields": {"service": 7, "creation_date": "2017-05-22T10:20:16.063Z", "modification_date": "2017-05-22T10:20:16.063Z", "name": "markdelete", "description": "mark delete", "voice_label": 90}}, {"model": "service_development.voiceservicesubelement", "pk": 120, "fields": {"service": 7, "creation_date": "2017-05-22T10:20:16.064Z", "modification_date": "2017-05-22T10:20:16.064Z", "name": "continue", "description": "continue", "voice_label": 91}}, {"model": "service_development.voiceservicesubelement", "pk": 121, "fields": {"service": 7, "creation_date": "2017-05-22T10:22:07.155Z", "modification_date": "2017-05-22T10:22:07.155Z", "name": "ratwoeditalertmenu", "description": "edit alert menu", "voice_label": 86}}, {"model": "service_development.voiceservicesubelement", "pk": 122, "fields": {"service": 7, "creation_date": "2017-05-22T10:22:07.160Z", "modification_date": "2017-05-22T10:22:07.160Z", "name": "healthalerts", "description": "listen to health alerts", "voice_label": 87}}, {"model": "service_development.voiceservicesubelement", "pk": 123, "fields": {"service": 7, "creation_date": "2017-05-22T10:24:37.824Z", "modification_date": "2017-05-22T10:24:37.824Z", "name": "ratwoeditmenu", "description": "edit menu", "voice_label": 83}}, {"model": "service_development.voiceservicesubelement", "pk": 124, "fields": {"service": 7, "creation_date": "2017-05-22T10:24:37.829Z", "modification_date": "2017-05-22T10:24:37.829Z", "name": "allmessages", "description": "listentoallmessages", "voice_label": 84}}, {"model": "service_development.voiceservicesubelement", "pk": 125, "fields": {"service": 7, "creation_date": "2017-05-22T10:24:37.830Z", "modification_date": "2017-05-22T10:24:37.830Z", "name": "alertmessages", "description": "listentoalerts", "voice_label": 85}}, {"model": "service_development.voiceservicesubelement", "pk": 126, "fields": {"service": 7, "creation_date": "2017-05-22T10:25:42.648Z", "modification_date": "2017-05-22T10:25:42.648Z", "name": "ratwotestbroadcast", "description": "testbroadcast", "voice_label": 92}}, {"model": "service_development.voiceservicesubelement", "pk": 127, "fields": {"service": 7, "creation_date": "2017-05-22T10:27:34.665Z", "modification_date": "2017-05-22T10:27:34.665Z", "name": "ratwomainmenu", "description": "main menu", "voice_label": 80}}, {"model": "service_development.voiceservicesubelement", "pk": 128, "fields": {"service": 7, "creation_date": "2017-05-22T10:27:34.670Z", "modification_date": "2017-05-22T10:27:34.670Z", "name": "editing", "description": "edit mode", "voice_label": 81}}, {"model": "service_development.voiceservicesubelement", "pk": 129, "fields": {"service": 7, "creation_date": "2017-05-22T10:27:34.671Z", "modification_date": "2017-05-22T10:27:34.671Z", "name": "broadcasting", "description": "broadcast mode", "voice_label": 82}}, {"model": "service_development.voiceserviceelement", "pk": 2, "fields": {}}, {"model": "service_development.voiceserviceelement", "pk": 5, "fields": {}}, {"model": "service_development.voiceserviceelement", "pk": 6, "fields": {}}, {"model": "service_development.voiceserviceelement", "pk": 7, "fields": {}}, {"model": "service_development.voiceserviceelement", "pk": 8, "fields": {}}, {"model": "service_development.voiceserviceelement", "pk": 9, "fields": {}}, {"model": "service_development.voiceserviceelement", "pk": 10, "fields": {}}, {"model": "service_development.voiceserviceelement", "pk": 13, "fields": {}}, {"model": "service_development.voiceserviceelement", "pk": 14, "fields": {}}, {"model": "service_development.voiceserviceelement", "pk": 15, "fields": {}}, {"model": "service_development.voiceserviceelement", "pk": 20, "fields": {}}, {"model": "service_development.voiceserviceelement", "pk": 23, "fields": {}}, {"model": "service_development.voiceserviceelement", "pk": 28, "fields": {}}, {"model": "service_development.voiceserviceelement", "pk": 33, "fields": {}}, {"model": "service_development.voiceserviceelement", "pk": 34, "fields": {}}, {"model": "service_development.voiceserviceelement", "pk": 40, "fields": {}}, {"model": "service_development.voiceserviceelement", "pk": 41, "fields": {}}, {"model": "service_development.voiceserviceelement", "pk": 42, "fields": {}}, {"model": "service_development.voiceserviceelement", "pk": 44, "fields": {}}, {"model": "service_development.voiceserviceelement", "pk": 45, "fields": {}}, {"model": "service_development.voiceserviceelement", "pk": 46, "fields": {}}, {"model": "service_development.voiceserviceelement", "pk": 47, "fields": {}}, {"model": "service_development.voiceserviceelement", "pk": 51, "fields": {}}, {"model": "service_development.voiceserviceelement", "pk": 53, "fields": {}}, {"model": "service_development.voiceserviceelement", "pk": 56, "fields": {}}, {"model": "service_development.voiceserviceelement", "pk": 60, "fields": {}}, {"model": "service_development.voiceserviceelement", "pk": 61, "fields": {}}, {"model": "service_development.voiceserviceelement", "pk": 62, "fields": {}}, {"model": "service_development.voiceserviceelement", "pk": 65, "fields": {}}, {"model": "service_development.voiceserviceelement", "pk": 66, "fields": {}}, {"model": "service_development.voiceserviceelement", "pk": 67, "fields": {}}, {"model": "service_development.voiceserviceelement", "pk": 70, "fields": {}}, {"model": "service_development.voiceserviceelement", "pk": 71, "fields": {}}, {"model": "service_development.voiceserviceelement", "pk": 72, "fields": {}}, {"model": "service_development.voiceserviceelement", "pk": 78, "fields": {}}, {"model": "service_development.voiceserviceelement", "pk": 83, "fields": {}}, {"model": "service_development.voiceserviceelement", "pk": 86, "fields": {}}, {"model": "service_development.voiceserviceelement", "pk": 91, "fields": {}}, {"model": "service_development.voiceserviceelement", "pk": 96, "fields": {}}, {"model": "service_development.voiceserviceelement", "pk": 114, "fields": {}}, {"model": "service_development.voiceserviceelement", "pk": 115, "fields": {}}, {"model": "service_development.voiceserviceelement", "pk": 117, "fields": {}}, {"model": "service_development.voiceserviceelement", "pk": 121, "fields": {}}, {"model": "service_development.voiceserviceelement", "pk": 123, "fields": {}}, {"model": "service_development.voiceserviceelement", "pk": 126, "fields": {}}, {"model": "service_development.voiceserviceelement", "pk": 127, "fields": {}}, {"model": "service_development.voiceservice", "pk": 1, "fields": {"name": "King's truth checker", "description": "Checks the user's knowledge about the king of the Netherlands", "creation_date": "2017-04-23T19:23:52.392Z", "modification_date": "2017-04-23T23:19:18.069Z", "active": true, "_start_element": 2, "requires_registration": false, "supported_languages": [1, 2, 3]}}, {"model": "service_development.voiceservice", "pk": 2, "fields": {"name": "CustomerMessage", "description": "for customer to leave message", "creation_date": "2017-05-06T17:49:21.977Z", "modification_date": "2017-05-06T18:05:22.059Z", "active": true, "_start_element": 34, "requires_registration": false, "supported_languages": [2]}}, {"model": "service_development.voiceservice", "pk": 3, "fields": {"name": "OperatorManage", "description": "allows operator to manage", "creation_date": "2017-05-06T18:38:39.947Z", "modification_date": "2017-05-06T19:10:43.390Z", "active": true, "_start_element": 41, "requires_registration": false, "supported_languages": [2]}}, {"model": "service_development.voiceservice", "pk": 4, "fields": {"name": "TestVoiceService", "description": "test voice", "creation_date": "2017-05-10T20:05:17.194Z", "modification_date": "2017-05-10T20:11:24.327Z", "active": true, "_start_element": 62, "requires_registration": false, "supported_languages": [2]}}, {"model": "service_development.voiceservice", "pk": 5, "fields": {"name": "RevisedCustomer", "description": "new customer message", "creation_date": "2017-05-16T07:12:18.093Z", "modification_date": "2017-05-16T07:38:23.122Z", "active": true, "_start_element": 72, "requires_registration": false, "supported_languages": [2]}}, {"model": "service_development.voiceservice", "pk": 7, "fields": {"name": "rerevisedOperator", "description": "second revised operator", "creation_date": "2017-05-22T10:14:55.408Z", "modification_date": "2017-05-22T10:28:44.363Z", "active": true, "_start_element": 127, "requires_registration": false, "supported_languages": [2]}}, {"model": "service_development.choice", "pk": 2, "fields": {}}, {"model": "service_development.choice", "pk": 10, "fields": {}}, {"model": "service_development.choice", "pk": 15, "fields": {}}, {"model": "service_development.choice", "pk": 20, "fields": {}}, {"model": "service_development.choice", "pk": 23, "fields": {}}, {"model": "service_development.choice", "pk": 28, "fields": {}}, {"model": "service_development.choice", "pk": 34, "fields": {}}, {"model": "service_development.choice", "pk": 41, "fields": {}}, {"model": "service_development.choice", "pk": 42, "fields": {}}, {"model": "service_development.choice", "pk": 47, "fields": {}}, {"model": "service_development.choice", "pk": 51, "fields": {}}, {"model": "service_development.choice", "pk": 53, "fields": {}}, {"model": "service_development.choice", "pk": 62, "fields": {}}, {"model": "service_development.choice", "pk": 67, "fields": {}}, {"model": "service_development.choice", "pk": 72, "fields": {}}, {"model": "service_development.choice", "pk": 78, "fields": {}}, {"model": "service_development.choice", "pk": 83, "fields": {}}, {"model": "service_development.choice", "pk": 86, "fields": {}}, {"model": "service_development.choice", "pk": 91, "fields": {}}, {"model": "service_development.choice", "pk": 115, "fields": {}}, {"model": "service_development.choice", "pk": 117, "fields": {}}, {"model": "service_development.choice", "pk": 121, "fields": {}}, {"model": "service_development.choice", "pk": 123, "fields": {}}, {"model": "service_development.choice", "pk": 127, "fields": {}}, {"model": "service_development.choiceoption", "pk": 3, "fields": {"parent": 2, "_redirect": 5}}, {"model": "service_development.choiceoption", "pk": 4, "fields": {"parent": 2, "_redirect": 7}}, {"model": "service_development.choiceoption", "pk": 11, "fields": {"parent": 10, "_redirect": 8}}, {"model": "service_development.choiceoption", "pk": 12, "fields": {"parent": 10, "_redirect": 9}}, {"model": "service_development.choiceoption", "pk": 16, "fields": {"parent": 15, "_redirect": 14}}, {"model": "service_development.choiceoption", "pk": 17, "fields": {"parent": 15, "_redirect": 14}}, {"model": "service_development.choiceoption", "pk": 18, "fields": {"parent": 15, "_redirect": 14}}, {"model": "service_development.choiceoption", "pk": 19, "fields": {"parent": 15, "_redirect": 14}}, {"model": "service_development.choiceoption", "pk": 21, "fields": {"parent": 20, "_redirect": 14}}, {"model": "service_development.choiceoption", "pk": 22, "fields": {"parent": 20, "_redirect": 14}}, {"model": "service_development.choiceoption", "pk": 24, "fields": {"parent": 23, "_redirect": 14}}, {"model": "service_development.choiceoption", "pk": 25, "fields": {"parent": 23, "_redirect": 14}}, {"model": "service_development.choiceoption", "pk": 26, "fields": {"parent": 23, "_redirect": 14}}, {"model": "service_development.choiceoption", "pk": 27, "fields": {"parent": 23, "_redirect": 14}}, {"model": "service_development.choiceoption", "pk": 29, "fields": {"parent": 28, "_redirect": 14}}, {"model": "service_development.choiceoption", "pk": 30, "fields": {"parent": 28, "_redirect": 14}}, {"model": "service_development.choiceoption", "pk": 31, "fields": {"parent": 28, "_redirect": 14}}, {"model": "service_development.choiceoption", "pk": 32, "fields": {"parent": 28, "_redirect": 14}}, {"model": "service_development.choiceoption", "pk": 35, "fields": {"parent": 34, "_redirect": 15}}, {"model": "service_development.choiceoption", "pk": 36, "fields": {"parent": 34, "_redirect": 20}}, {"model": "service_development.choiceoption", "pk": 37, "fields": {"parent": 34, "_redirect": 23}}, {"model": "service_development.choiceoption", "pk": 38, "fields": {"parent": 34, "_redirect": 28}}, {"model": "service_development.choiceoption", "pk": 39, "fields": {"parent": 34, "_redirect": 33}}, {"model": "service_development.choiceoption", "pk": 43, "fields": {"parent": 42, "_redirect": 41}}, {"model": "service_development.choiceoption", "pk": 48, "fields": {"parent": 47, "_redirect": 44}}, {"model": "service_development.choiceoption", "pk": 49, "fields": {"parent": 47, "_redirect": 45}}, {"model": "service_development.choiceoption", "pk": 50, "fields": {"parent": 47, "_redirect": 46}}, {"model": "service_development.choiceoption", "pk": 52, "fields": {"parent": 51, "_redirect": 47}}, {"model": "service_development.choiceoption", "pk": 54, "fields": {"parent": 53, "_redirect": 47}}, {"model": "service_development.choiceoption", "pk": 55, "fields": {"parent": 53, "_redirect": 51}}, {"model": "service_development.choiceoption", "pk": 57, "fields": {"parent": 41, "_redirect": 53}}, {"model": "service_development.choiceoption", "pk": 58, "fields": {"parent": 41, "_redirect": 56}}, {"model": "service_development.choiceoption", "pk": 59, "fields": {"parent": 42, "_redirect": 40}}, {"model": "service_development.choiceoption", "pk": 63, "fields": {"parent": 62, "_redirect": 60}}, {"model": "service_development.choiceoption", "pk": 64, "fields": {"parent": 62, "_redirect": 61}}, {"model": "service_development.choiceoption", "pk": 68, "fields": {"parent": 67, "_redirect": 65}}, {"model": "service_development.choiceoption", "pk": 69, "fields": {"parent": 67, "_redirect": 66}}, {"model": "service_development.choiceoption", "pk": 73, "fields": {"parent": 72, "_redirect": 78}}, {"model": "service_development.choiceoption", "pk": 74, "fields": {"parent": 72, "_redirect": 83}}, {"model": "service_development.choiceoption", "pk": 75, "fields": {"parent": 72, "_redirect": 86}}, {"model": "service_development.choiceoption", "pk": 76, "fields": {"parent": 72, "_redirect": 91}}, {"model": "service_development.choiceoption", "pk": 77, "fields": {"parent": 72, "_redirect": 96}}, {"model": "service_development.choiceoption", "pk": 79, "fields": {"parent": 78, "_redirect": 71}}, {"model": "service_development.choiceoption", "pk": 80, "fields": {"parent": 78, "_redirect": 71}}, {"model": "service_development.choiceoption", "pk": 81, "fields": {"parent": 78, "_redirect": 71}}, {"model": "service_development.choiceoption", "pk": 82, "fields": {"parent": 78, "_redirect": 71}}, {"model": "service_development.choiceoption", "pk": 84, "fields": {"parent": 83, "_redirect": 71}}, {"model": "service_development.choiceoption", "pk": 85, "fields": {"parent": 83, "_redirect": 71}}, {"model": "service_development.choiceoption", "pk": 87, "fields": {"parent": 86, "_redirect": 71}}, {"model": "service_development.choiceoption", "pk": 88, "fields": {"parent": 86, "_redirect": 71}}, {"model": "service_development.choiceoption", "pk": 89, "fields": {"parent": 86, "_redirect": 71}}, {"model": "service_development.choiceoption", "pk": 90, "fields": {"parent": 86, "_redirect": 71}}, {"model": "service_development.choiceoption", "pk": 92, "fields": {"parent": 91, "_redirect": 71}}, {"model": "service_development.choiceoption", "pk": 93, "fields": {"parent": 91, "_redirect": 71}}, {"model": "service_development.choiceoption", "pk": 94, "fields": {"parent": 91, "_redirect": 71}}, {"model": "service_development.choiceoption", "pk": 95, "fields": {"parent": 91, "_redirect": 71}}, {"model": "service_development.choiceoption", "pk": 116, "fields": {"parent": 115, "_redirect": 114}}, {"model": "service_development.choiceoption", "pk": 118, "fields": {"parent": 117, "_redirect": 115}}, {"model": "service_development.choiceoption", "pk": 119, "fields": {"parent": 117, "_redirect": 115}}, {"model": "service_development.choiceoption", "pk": 120, "fields": {"parent": 117, "_redirect": 115}}, {"model": "service_development.choiceoption", "pk": 122, "fields": {"parent": 121, "_redirect": 117}}, {"model": "service_development.choiceoption", "pk": 124, "fields": {"parent": 123, "_redirect": 117}}, {"model": "service_development.choiceoption", "pk": 125, "fields": {"parent": 123, "_redirect": 121}}, {"model": "service_development.choiceoption", "pk": 128, "fields": {"parent": 127, "_redirect": 123}}, {"model": "service_development.choiceoption", "pk": 129, "fields": {"parent": 127, "_redirect": 126}}, {"model": "service_development.messagepresentation", "pk": 5, "fields": {"final_element": false, "_redirect": 6}}, {"model": "service_development.messagepresentation", "pk": 6, "fields": {"final_element": true, "_redirect": null}}, {"model": "service_development.messagepresentation", "pk": 7, "fields": {"final_element": false, "_redirect": 6}}, {"model": "service_development.messagepresentation", "pk": 8, "fields": {"final_element": true, "_redirect": null}}, {"model": "service_development.messagepresentation", "pk": 9, "fields": {"final_element": true, "_redirect": null}}, {"model": "service_development.messagepresentation", "pk": 13, "fields": {"final_element": false, "_redirect": 10}}, {"model": "service_development.messagepresentation", "pk": 14, "fields": {"final_element": false, "_redirect": 13}}, {"model": "service_development.messagepresentation", "pk": 33, "fields": {"final_element": false, "_redirect": 14}}, {"model": "service_development.messagepresentation", "pk": 40, "fields": {"final_element": true, "_redirect": null}}, {"model": "service_development.messagepresentation", "pk": 44, "fields": {"final_element": false, "_redirect": 42}}, {"model": "service_development.messagepresentation", "pk": 45, "fields": {"final_element": false, "_redirect": 42}}, {"model": "service_development.messagepresentation", "pk": 46, "fields": {"final_element": false, "_redirect": 42}}, {"model": "service_development.messagepresentation", "pk": 56, "fields": {"final_element": false, "_redirect": 42}}, {"model": "service_development.messagepresentation", "pk": 60, "fields": {"final_element": true, "_redirect": null}}, {"model": "service_development.messagepresentation", "pk": 61, "fields": {"final_element": true, "_redirect": null}}, {"model": "service_development.messagepresentation", "pk": 65, "fields": {"final_element": true, "_redirect": null}}, {"model": "service_development.messagepresentation", "pk": 66, "fields": {"final_element": true, "_redirect": null}}, {"model": "service_development.messagepresentation", "pk": 70, "fields": {"final_element": false, "_redirect": 67}}, {"model": "service_development.messagepresentation", "pk": 71, "fields": {"final_element": false, "_redirect": 70}}, {"model": "service_development.messagepresentation", "pk": 96, "fields": {"final_element": false, "_redirect": 71}}, {"model": "service_development.messagepresentation", "pk": 114, "fields": {"final_element": true, "_redirect": null}}, {"model": "service_development.messagepresentation", "pk": 126, "fields": {"final_element": false, "_redirect": 115}}]